{
"type": "FeatureCollection",
"name": "connectivity_ADM2_RWA_2026Q2",
"crs": { "type": "name", "properties": { "name": "urn:ogc:def:crs:OGC:1.3:CRS84" } },
"xy_coordinate_resolution": 1e-06,
"features": [
{ "type": "Feature", "properties": { "admin_name": "Nyarugenge", "tiles": 53.0, "tests": 417.0, "devices": 143.0, "pop_weight": 224499.91377766928, "area_km2": 19.794895548784719, "d_mean_tile": 42.859415094339631, "d_median_tile": 37.51, "d_mean_pop": 43.979491727007094, "d_median_pop": 33.977488025636205, "d_p10_pop": 9.7490735099845693, "d_p90_pop": 75.259672476785198, "u_median_pop": 12.920957786544207, "lat_median_pop": 18.586566390145531, "pct_above_bb": 89.778159389920262, "pct_above_hi": 67.315094622288086, "divide_ratio": 7.7196743259456984, "pop_total": 403197.6895442009, "pop_covered": 214154.28088378906, "pop_coverage_pct": 53.113965292281819, "level": "ADM2" }, "geometry": { "type": "Polygon", "coordinates": [ [ [ 30.07689, -1.954825 ], [ 30.073206, -1.943673 ], [ 30.066923, -1.937786 ], [ 30.05913, -1.933655 ], [ 30.049196, -1.934491 ], [ 30.046507, -1.938519 ], [ 30.042913, -1.93938 ], [ 30.041433, -1.94242 ], [ 30.034049, -1.94297 ], [ 30.034906, -1.940814 ], [ 30.03369, -1.937896 ], [ 30.031893, -1.93994 ], [ 30.030306, -1.939723 ], [ 30.028562, -1.935048 ], [ 30.030484, -1.933513 ], [ 30.031115, -1.929477 ], [ 30.024095, -1.925294 ], [ 30.02201, -1.922463 ], [ 30.022004, -1.918561 ], [ 30.014162, -1.920499 ], [ 30.01471, -1.916387 ], [ 30.018587, -1.916221 ], [ 30.019709, -1.913983 ], [ 30.00412, -1.905726 ], [ 29.995413, -1.893487 ], [ 29.99344, -1.883895 ], [ 29.993414, -1.873961 ], [ 29.989548, -1.8692 ], [ 29.989433, -1.866774 ], [ 29.979999, -1.87136 ], [ 29.977519, -1.881043 ], [ 29.980372, -1.886755 ], [ 29.978029, -1.890676 ], [ 29.98077, -1.891354 ], [ 29.984262, -1.895814 ], [ 29.986169, -1.896341 ], [ 29.992502, -1.907353 ], [ 29.98284, -1.913378 ], [ 29.984928, -1.921348 ], [ 29.988566, -1.925324 ], [ 29.985489, -1.929185 ], [ 29.989897, -1.929722 ], [ 29.987038, -1.931568 ], [ 29.987832, -1.933276 ], [ 29.991764, -1.936295 ], [ 29.991886, -1.938742 ], [ 29.994032, -1.940595 ], [ 29.994954, -1.938365 ], [ 29.99656, -1.942064 ], [ 29.998678, -1.94062 ], [ 29.997792, -1.944819 ], [ 29.995569, -1.945843 ], [ 29.998405, -1.94766 ], [ 30.000049, -1.954969 ], [ 29.99847, -1.956429 ], [ 30.000644, -1.957501 ], [ 30.002074, -1.95491 ], [ 30.003431, -1.955538 ], [ 30.00367, -1.969686 ], [ 29.998074, -1.971217 ], [ 30.0006, -1.974271 ], [ 29.99846, -1.975698 ], [ 30.002264, -1.983356 ], [ 29.999512, -1.984636 ], [ 29.995696, -1.983664 ], [ 29.995539, -1.986032 ], [ 29.998028, -1.987734 ], [ 29.992991, -1.993227 ], [ 29.994443, -1.994053 ], [ 29.997116, -1.992621 ], [ 29.995108, -1.997502 ], [ 30.000881, -1.998438 ], [ 30.001435, -1.999429 ], [ 29.999357, -2.000965 ], [ 30.003556, -2.002016 ], [ 30.00302, -2.004225 ], [ 30.005384, -2.005674 ], [ 30.004469, -2.007657 ], [ 30.00862, -2.007163 ], [ 30.007325, -2.009197 ], [ 30.010348, -2.012982 ], [ 30.014127, -2.011377 ], [ 30.015507, -2.012824 ], [ 30.012977, -2.017119 ], [ 30.013391, -2.018918 ], [ 30.011804, -2.017624 ], [ 30.008231, -2.018206 ], [ 30.007728, -2.02055 ], [ 30.005827, -2.019803 ], [ 30.005201, -2.024075 ], [ 30.008369, -2.0257 ], [ 30.008912, -2.028139 ], [ 30.002139, -2.031493 ], [ 30.002675, -2.02831 ], [ 29.997432, -2.030009 ], [ 29.995543, -2.034411 ], [ 29.99244, -2.0338 ], [ 29.986247, -2.04394 ], [ 29.983363, -2.043679 ], [ 29.987431, -2.050984 ], [ 29.985803, -2.053567 ], [ 29.98723, -2.055361 ], [ 29.983652, -2.057844 ], [ 29.987592, -2.057436 ], [ 29.988911, -2.062469 ], [ 29.99148, -2.062123 ], [ 29.991071, -2.065353 ], [ 29.994196, -2.065288 ], [ 29.994027, -2.068348 ], [ 29.997061, -2.066695 ], [ 30.000027, -2.06997 ], [ 30.000932, -2.06669 ], [ 30.00235, -2.066779 ], [ 30.00512, -2.069633 ], [ 30.00433, -2.072467 ], [ 30.005447, -2.073067 ], [ 30.007246, -2.072985 ], [ 30.008235, -2.070144 ], [ 30.013353, -2.072977 ], [ 30.015012, -2.070238 ], [ 30.016427, -2.071217 ], [ 30.016232, -2.075714 ], [ 30.019346, -2.074183 ], [ 30.024509, -2.068172 ], [ 30.027816, -2.069452 ], [ 30.026548, -2.066251 ], [ 30.027199, -2.063927 ], [ 30.039353, -2.068908 ], [ 30.04029, -2.065665 ], [ 30.03659, -2.065626 ], [ 30.039854, -2.061876 ], [ 30.038491, -2.059232 ], [ 30.042057, -2.058038 ], [ 30.045229, -2.059553 ], [ 30.044133, -2.056589 ], [ 30.046707, -2.05467 ], [ 30.052391, -2.055362 ], [ 30.054349, -2.054335 ], [ 30.05799, -2.055771 ], [ 30.05786, -2.060523 ], [ 30.054482, -2.064538 ], [ 30.055664, -2.065959 ], [ 30.062289, -2.066697 ], [ 30.064601, -2.071088 ], [ 30.066563, -2.071197 ], [ 30.068609, -2.068276 ], [ 30.071418, -2.068509 ], [ 30.07264, -2.06429 ], [ 30.075797, -2.064723 ], [ 30.076877, -2.069253 ], [ 30.078325, -2.067088 ], [ 30.077601, -2.06392 ], [ 30.079099, -2.062395 ], [ 30.081635, -2.064792 ], [ 30.086795, -2.062477 ], [ 30.086842, -2.060125 ], [ 30.082348, -2.057417 ], [ 30.081684, -2.039835 ], [ 30.079147, -2.037946 ], [ 30.078037, -2.03131 ], [ 30.074048, -2.027843 ], [ 30.072826, -2.021237 ], [ 30.065342, -2.016967 ], [ 30.064367, -2.007946 ], [ 30.058344, -2.006164 ], [ 30.052934, -2.001874 ], [ 30.048465, -2.002129 ], [ 30.05037, -1.995532 ], [ 30.048776, -1.992512 ], [ 30.060918, -1.979553 ], [ 30.061979, -1.974641 ], [ 30.060829, -1.972991 ], [ 30.06596, -1.971868 ], [ 30.06927, -1.969135 ], [ 30.071296, -1.965659 ], [ 30.0723, -1.957694 ], [ 30.07689, -1.954825 ] ] ] } },
{ "type": "Feature", "properties": { "admin_name": "Gasabo", "tiles": 166.0, "tests": 1104.0, "devices": 325.0, "pop_weight": 448379.41891479492, "area_km2": 62.001945438122348, "d_mean_tile": 44.866132530120495, "d_median_tile": 35.303, "d_mean_pop": 40.781192717205165, "d_median_pop": 27.296073920975335, "d_p10_pop": 5.6892658963271252, "d_p90_pop": 84.226285654611999, "u_median_pop": 8.8451852005822111, "lat_median_pop": 19.945264857425258, "pct_above_bb": 82.906736785284863, "pct_above_hi": 55.523681204558116, "divide_ratio": 14.804420673849465, "pop_total": 951477.82637023926, "pop_covered": 458822.77438354492, "pop_coverage_pct": 48.222119493198541, "level": "ADM2" }, "geometry": { "type": "Polygon", "coordinates": [ [ [ 30.07689, -1.954825 ], [ 30.078147, -1.95847 ], [ 30.083967, -1.963093 ], [ 30.083427, -1.963871 ], [ 30.084592, -1.964385 ], [ 30.085612, -1.962966 ], [ 30.097368, -1.966927 ], [ 30.098453, -1.964179 ], [ 30.101352, -1.967864 ], [ 30.100774, -1.968895 ], [ 30.103877, -1.964952 ], [ 30.116951, -1.959413 ], [ 30.123727, -1.962253 ], [ 30.138651, -1.952819 ], [ 30.149577, -1.955509 ], [ 30.163556, -1.965687 ], [ 30.18086, -1.972971 ], [ 30.183421, -1.978169 ], [ 30.18419, -1.987399 ], [ 30.210661, -1.987603 ], [ 30.219192, -1.982822 ], [ 30.235915, -1.981243 ], [ 30.232828, -1.976321 ], [ 30.23177, -1.968472 ], [ 30.23398, -1.961507 ], [ 30.2431, -1.954729 ], [ 30.254064, -1.951379 ], [ 30.265224, -1.953372 ], [ 30.267423, -1.947885 ], [ 30.270482, -1.945197 ], [ 30.27715, -1.934159 ], [ 30.276623, -1.926546 ], [ 30.270679, -1.9084 ], [ 30.271048, -1.902963 ], [ 30.272942, -1.900107 ], [ 30.266514, -1.896508 ], [ 30.25809, -1.894405 ], [ 30.258167, -1.875661 ], [ 30.260297, -1.873615 ], [ 30.260815, -1.868691 ], [ 30.26523, -1.864939 ], [ 30.263207, -1.862367 ], [ 30.250568, -1.857171 ], [ 30.247571, -1.857422 ], [ 30.249165, -1.852356 ], [ 30.247774, -1.845749 ], [ 30.23554, -1.845787 ], [ 30.218379, -1.841464 ], [ 30.213314, -1.835384 ], [ 30.20353, -1.83074 ], [ 30.196809, -1.821155 ], [ 30.1919, -1.817384 ], [ 30.189899, -1.813337 ], [ 30.181969, -1.805401 ], [ 30.175771, -1.802341 ], [ 30.172579, -1.797159 ], [ 30.165687, -1.791949 ], [ 30.160546, -1.789927 ], [ 30.156797, -1.792072 ], [ 30.147859, -1.792689 ], [ 30.14617, -1.791271 ], [ 30.142603, -1.78072 ], [ 30.13934, -1.779715 ], [ 30.132881, -1.783862 ], [ 30.130282, -1.790042 ], [ 30.13059, -1.799685 ], [ 30.12803, -1.808981 ], [ 30.122865, -1.812441 ], [ 30.117699, -1.819969 ], [ 30.11326, -1.820498 ], [ 30.107748, -1.816137 ], [ 30.099532, -1.812684 ], [ 30.097272, -1.81829 ], [ 30.09472, -1.820576 ], [ 30.080285, -1.826383 ], [ 30.074898, -1.826094 ], [ 30.063458, -1.828838 ], [ 30.059493, -1.832225 ], [ 30.056547, -1.837532 ], [ 30.055773, -1.840233 ], [ 30.057025, -1.844267 ], [ 30.051496, -1.844674 ], [ 30.045523, -1.853897 ], [ 30.042187, -1.85509 ], [ 30.038758, -1.859609 ], [ 30.034391, -1.860494 ], [ 30.029346, -1.8652 ], [ 30.026888, -1.857031 ], [ 30.021621, -1.852555 ], [ 30.019898, -1.844008 ], [ 30.015841, -1.836316 ], [ 30.013024, -1.838173 ], [ 30.006408, -1.838674 ], [ 29.998834, -1.841601 ], [ 29.994552, -1.846629 ], [ 29.991145, -1.847507 ], [ 29.992975, -1.855423 ], [ 29.989433, -1.866774 ], [ 29.989548, -1.8692 ], [ 29.993414, -1.873961 ], [ 29.99344, -1.883895 ], [ 29.995413, -1.893487 ], [ 30.00412, -1.905726 ], [ 30.019709, -1.913983 ], [ 30.018587, -1.916221 ], [ 30.01471, -1.916387 ], [ 30.014162, -1.920499 ], [ 30.022004, -1.918561 ], [ 30.02201, -1.922463 ], [ 30.024095, -1.925294 ], [ 30.031115, -1.929477 ], [ 30.030484, -1.933513 ], [ 30.028562, -1.935048 ], [ 30.030306, -1.939723 ], [ 30.031893, -1.93994 ], [ 30.03369, -1.937896 ], [ 30.034906, -1.940814 ], [ 30.034049, -1.94297 ], [ 30.041433, -1.94242 ], [ 30.042913, -1.93938 ], [ 30.046507, -1.938519 ], [ 30.049196, -1.934491 ], [ 30.05913, -1.933655 ], [ 30.066923, -1.937786 ], [ 30.073206, -1.943673 ], [ 30.07689, -1.954825 ] ] ] } },
{ "type": "Feature", "properties": { "admin_name": "Kicukiro", "tiles": 104.0, "tests": 545.0, "devices": 181.0, "pop_weight": 311003.43345133465, "area_km2": 38.841674560197838, "d_mean_tile": 45.215375, "d_median_tile": 28.0785, "d_mean_pop": 44.96142049543294, "d_median_pop": 27.051890361388985, "d_p10_pop": 6.5432767769559206, "d_p90_pop": 90.980226252202058, "u_median_pop": 11.656192661359674, "lat_median_pop": 18.0, "pct_above_bb": 84.408144254999996, "pct_above_hi": 55.178883422750467, "divide_ratio": 13.904382980193619, "pop_total": 534240.80535793304, "pop_covered": 310905.71087646484, "pop_coverage_pct": 58.195800050908289, "level": "ADM2" }, "geometry": { "type": "Polygon", "coordinates": [ [ [ 30.086795, -2.062477 ], [ 30.090838, -2.059357 ], [ 30.09206, -2.060115 ], [ 30.091342, -2.064007 ], [ 30.094092, -2.063249 ], [ 30.094982, -2.061058 ], [ 30.096244, -2.064458 ], [ 30.099286, -2.057644 ], [ 30.101756, -2.057817 ], [ 30.101676, -2.055891 ], [ 30.103669, -2.056568 ], [ 30.1042, -2.060035 ], [ 30.105529, -2.057431 ], [ 30.108715, -2.058853 ], [ 30.110119, -2.056273 ], [ 30.111026, -2.059162 ], [ 30.113377, -2.058086 ], [ 30.113716, -2.060267 ], [ 30.118169, -2.054689 ], [ 30.118149, -2.059062 ], [ 30.119344, -2.05964 ], [ 30.119823, -2.056332 ], [ 30.1257, -2.055366 ], [ 30.122901, -2.052995 ], [ 30.123608, -2.049568 ], [ 30.127922, -2.052816 ], [ 30.130144, -2.049717 ], [ 30.128988, -2.048014 ], [ 30.132903, -2.04386 ], [ 30.134726, -2.047645 ], [ 30.137117, -2.046091 ], [ 30.134686, -2.042953 ], [ 30.138203, -2.043332 ], [ 30.137247, -2.039546 ], [ 30.139657, -2.040751 ], [ 30.14174, -2.038301 ], [ 30.142686, -2.04106 ], [ 30.146123, -2.039406 ], [ 30.147219, -2.040941 ], [ 30.151512, -2.037314 ], [ 30.152738, -2.034366 ], [ 30.155667, -2.036119 ], [ 30.15754, -2.035621 ], [ 30.157958, -2.030799 ], [ 30.161604, -2.032024 ], [ 30.162431, -2.029474 ], [ 30.163866, -2.03315 ], [ 30.165589, -2.033877 ], [ 30.166665, -2.030052 ], [ 30.171945, -2.031307 ], [ 30.172603, -2.028219 ], [ 30.174834, -2.03062 ], [ 30.175372, -2.035192 ], [ 30.178251, -2.03596 ], [ 30.179018, -2.033021 ], [ 30.180991, -2.033618 ], [ 30.183162, -2.036328 ], [ 30.182903, -2.038341 ], [ 30.185454, -2.038191 ], [ 30.187825, -2.042027 ], [ 30.189698, -2.042555 ], [ 30.191242, -2.051321 ], [ 30.193782, -2.053583 ], [ 30.190754, -2.055745 ], [ 30.192666, -2.060457 ], [ 30.195097, -2.061752 ], [ 30.199132, -2.05704 ], [ 30.198823, -2.061981 ], [ 30.201543, -2.062668 ], [ 30.200945, -2.066474 ], [ 30.20483, -2.065308 ], [ 30.203924, -2.067938 ], [ 30.206803, -2.068038 ], [ 30.204661, -2.073547 ], [ 30.206863, -2.074752 ], [ 30.208068, -2.079744 ], [ 30.210867, -2.075629 ], [ 30.212681, -2.076277 ], [ 30.213537, -2.074334 ], [ 30.216167, -2.074613 ], [ 30.218777, -2.071933 ], [ 30.221796, -2.072431 ], [ 30.222049, -2.066197 ], [ 30.220593, -2.060653 ], [ 30.223881, -2.055658 ], [ 30.223196, -2.054183 ], [ 30.226278, -2.05161 ], [ 30.228658, -2.043306 ], [ 30.229974, -2.012064 ], [ 30.234016, -2.000514 ], [ 30.236822, -1.983122 ], [ 30.235915, -1.981243 ], [ 30.219192, -1.982822 ], [ 30.210661, -1.987603 ], [ 30.18419, -1.987399 ], [ 30.183421, -1.978169 ], [ 30.18086, -1.972971 ], [ 30.163556, -1.965687 ], [ 30.149577, -1.955509 ], [ 30.138651, -1.952819 ], [ 30.123727, -1.962253 ], [ 30.116951, -1.959413 ], [ 30.103877, -1.964952 ], [ 30.100774, -1.968895 ], [ 30.101352, -1.967864 ], [ 30.098453, -1.964179 ], [ 30.097368, -1.966927 ], [ 30.085612, -1.962966 ], [ 30.084592, -1.964385 ], [ 30.083427, -1.963871 ], [ 30.083967, -1.963093 ], [ 30.078147, -1.95847 ], [ 30.07689, -1.954825 ], [ 30.0723, -1.957694 ], [ 30.071296, -1.965659 ], [ 30.06927, -1.969135 ], [ 30.06596, -1.971868 ], [ 30.060829, -1.972991 ], [ 30.061979, -1.974641 ], [ 30.060918, -1.979553 ], [ 30.048776, -1.992512 ], [ 30.05037, -1.995532 ], [ 30.048465, -2.002129 ], [ 30.052934, -2.001874 ], [ 30.058344, -2.006164 ], [ 30.064367, -2.007946 ], [ 30.065342, -2.016967 ], [ 30.072826, -2.021237 ], [ 30.074048, -2.027843 ], [ 30.078037, -2.03131 ], [ 30.079147, -2.037946 ], [ 30.081684, -2.039835 ], [ 30.082348, -2.057417 ], [ 30.086842, -2.060125 ], [ 30.086795, -2.062477 ] ] ] } },
{ "type": "Feature", "properties": { "admin_name": "Nyanza", "tiles": 2.0, "tests": 4.0, "devices": 2.0, "pop_weight": 1360.8238525390625, "area_km2": 0.74661205960338095, "d_mean_tile": 48.408, "d_median_tile": 48.408, "d_mean_pop": 48.661892980353464, "d_median_pop": 48.661892980353464, "d_p10_pop": 43.753, "d_p90_pop": 53.063, "u_median_pop": 16.086531773740795, "lat_median_pop": 19.890916012737502, "pct_above_bb": 100.0, "pct_above_hi": 100.0, "divide_ratio": 1.2127854090005257, "pop_total": 394511.81156507134, "pop_covered": 1360.8238525390625, "pop_coverage_pct": 0.3449386843807099, "level": "ADM2" }, "geometry": { "type": "Polygon", "coordinates": [ [ [ 29.983545, -2.232735 ], [ 29.972769, -2.235666 ], [ 29.963575, -2.231895 ], [ 29.952453, -2.233584 ], [ 29.945895, -2.231661 ], [ 29.93027, -2.234643 ], [ 29.922315, -2.239941 ], [ 29.910469, -2.232546 ], [ 29.902869, -2.234109 ], [ 29.89887, -2.246682 ], [ 29.904616, -2.24629 ], [ 29.907216, -2.249382 ], [ 29.906414, -2.259186 ], [ 29.911078, -2.265812 ], [ 29.912138, -2.272936 ], [ 29.915944, -2.278089 ], [ 29.908123, -2.284209 ], [ 29.902622, -2.281625 ], [ 29.891241, -2.28077 ], [ 29.886119, -2.27728 ], [ 29.870895, -2.279211 ], [ 29.86519, -2.283909 ], [ 29.85366, -2.286457 ], [ 29.850698, -2.282906 ], [ 29.844131, -2.283427 ], [ 29.83943, -2.278935 ], [ 29.837932, -2.274086 ], [ 29.831767, -2.270672 ], [ 29.827147, -2.262687 ], [ 29.818766, -2.259363 ], [ 29.812979, -2.263175 ], [ 29.80645, -2.261333 ], [ 29.800372, -2.264236 ], [ 29.797848, -2.269838 ], [ 29.798795, -2.273866 ], [ 29.793725, -2.281074 ], [ 29.780569, -2.280196 ], [ 29.770801, -2.268954 ], [ 29.753057, -2.258111 ], [ 29.750794, -2.253788 ], [ 29.749215, -2.245542 ], [ 29.741492, -2.24043 ], [ 29.739345, -2.246365 ], [ 29.737266, -2.247966 ], [ 29.733578, -2.246208 ], [ 29.723359, -2.247176 ], [ 29.713512, -2.241718 ], [ 29.710516, -2.242597 ], [ 29.711683, -2.247153 ], [ 29.709551, -2.247549 ], [ 29.703023, -2.247778 ], [ 29.699862, -2.245843 ], [ 29.693463, -2.245217 ], [ 29.694683, -2.251837 ], [ 29.693545, -2.255881 ], [ 29.695743, -2.266752 ], [ 29.694049, -2.269801 ], [ 29.689178, -2.271945 ], [ 29.687252, -2.271952 ], [ 29.686315, -2.269834 ], [ 29.681098, -2.271158 ], [ 29.67989, -2.272795 ], [ 29.659176, -2.250847 ], [ 29.652097, -2.259682 ], [ 29.64911, -2.261203 ], [ 29.647789, -2.260442 ], [ 29.647021, -2.261955 ], [ 29.645903, -2.257942 ], [ 29.643216, -2.256331 ], [ 29.64324, -2.253291 ], [ 29.639145, -2.251775 ], [ 29.635717, -2.252336 ], [ 29.633757, -2.26072 ], [ 29.629839, -2.263275 ], [ 29.623247, -2.262112 ], [ 29.620727, -2.257797 ], [ 29.609997, -2.253252 ], [ 29.60566, -2.254798 ], [ 29.601081, -2.252858 ], [ 29.595499, -2.257212 ], [ 29.598326, -2.260135 ], [ 29.59938, -2.2596 ], [ 29.600985, -2.262328 ], [ 29.604456, -2.278489 ], [ 29.608721, -2.281148 ], [ 29.610827, -2.285741 ], [ 29.614988, -2.286363 ], [ 29.617336, -2.289091 ], [ 29.611891, -2.304129 ], [ 29.601181, -2.312107 ], [ 29.599939, -2.311704 ], [ 29.596135, -2.318346 ], [ 29.590909, -2.320387 ], [ 29.589221, -2.330689 ], [ 29.586746, -2.329957 ], [ 29.582245, -2.331245 ], [ 29.581655, -2.333511 ], [ 29.583681, -2.336383 ], [ 29.584219, -2.341979 ], [ 29.583062, -2.347571 ], [ 29.592252, -2.356022 ], [ 29.595426, -2.36075 ], [ 29.595205, -2.365054 ], [ 29.598965, -2.367962 ], [ 29.599501, -2.37114 ], [ 29.601594, -2.371676 ], [ 29.60646, -2.369781 ], [ 29.610942, -2.365989 ], [ 29.611361, -2.362885 ], [ 29.619681, -2.355248 ], [ 29.623756, -2.35442 ], [ 29.62146, -2.358675 ], [ 29.622626, -2.367069 ], [ 29.627198, -2.375628 ], [ 29.629332, -2.376691 ], [ 29.631033, -2.381439 ], [ 29.629493, -2.383356 ], [ 29.630979, -2.383799 ], [ 29.631339, -2.388078 ], [ 29.636352, -2.389318 ], [ 29.635863, -2.39787 ], [ 29.641324, -2.406745 ], [ 29.641476, -2.409561 ], [ 29.654466, -2.412277 ], [ 29.666031, -2.418494 ], [ 29.677648, -2.409986 ], [ 29.676493, -2.404689 ], [ 29.680149, -2.394786 ], [ 29.683459, -2.392003 ], [ 29.687607, -2.390587 ], [ 29.692032, -2.392779 ], [ 29.696078, -2.404702 ], [ 29.69988, -2.406005 ], [ 29.704624, -2.405452 ], [ 29.709918, -2.402581 ], [ 29.71326, -2.403193 ], [ 29.720095, -2.400291 ], [ 29.733312, -2.403249 ], [ 29.738463, -2.393768 ], [ 29.74818, -2.39135 ], [ 29.750322, -2.388881 ], [ 29.761979, -2.387475 ], [ 29.7699, -2.381259 ], [ 29.772859, -2.376427 ], [ 29.778389, -2.37643 ], [ 29.780418, -2.37421 ], [ 29.783535, -2.373876 ], [ 29.784398, -2.371496 ], [ 29.791345, -2.368619 ], [ 29.798609, -2.380783 ], [ 29.803811, -2.381198 ], [ 29.808915, -2.384656 ], [ 29.81408, -2.395047 ], [ 29.825382, -2.399541 ], [ 29.834081, -2.404812 ], [ 29.831233, -2.410513 ], [ 29.835419, -2.418393 ], [ 29.828171, -2.416015 ], [ 29.82409, -2.418067 ], [ 29.821014, -2.421786 ], [ 29.816487, -2.423424 ], [ 29.818777, -2.442729 ], [ 29.827121, -2.45009 ], [ 29.846033, -2.453622 ], [ 29.852436, -2.455769 ], [ 29.867822, -2.451189 ], [ 29.884148, -2.451976 ], [ 29.893418, -2.447266 ], [ 29.902095, -2.447455 ], [ 29.924572, -2.440212 ], [ 29.9341, -2.431741 ], [ 29.942496, -2.414508 ], [ 29.955594, -2.396862 ], [ 29.955271, -2.389893 ], [ 29.952487, -2.383111 ], [ 29.948168, -2.37558 ], [ 29.944885, -2.373439 ], [ 29.944135, -2.370405 ], [ 29.945027, -2.363873 ], [ 29.957484, -2.349025 ], [ 29.957841, -2.345385 ], [ 29.955699, -2.33789 ], [ 29.95677, -2.335819 ], [ 29.956128, -2.33093 ], [ 29.959629, -2.327247 ], [ 29.963764, -2.320438 ], [ 29.965906, -2.31984 ], [ 29.966185, -2.317639 ], [ 29.964159, -2.308114 ], [ 29.961244, -2.303971 ], [ 29.961534, -2.290226 ], [ 29.962862, -2.288341 ], [ 29.966902, -2.287244 ], [ 29.971105, -2.276918 ], [ 29.973461, -2.274371 ], [ 29.974491, -2.269823 ], [ 29.973267, -2.263967 ], [ 29.976174, -2.258247 ], [ 29.979244, -2.255919 ], [ 29.977968, -2.25208 ], [ 29.979349, -2.248255 ], [ 29.984533, -2.243255 ], [ 29.984717, -2.235235 ], [ 29.983545, -2.232735 ] ] ] } },
{ "type": "Feature", "properties": { "admin_name": "Gisagara", "tiles": 2.0, "tests": 7.0, "devices": 3.0, "pop_weight": 1743.892333984375, "area_km2": 0.74630234483608793, "d_mean_tile": 30.035, "d_median_tile": 30.035, "d_mean_pop": 24.185548434316587, "d_median_pop": 24.185548434316587, "d_p10_pop": 11.954, "d_p90_pop": 48.116, "u_median_pop": 17.706140852078185, "lat_median_pop": 20.647027439376519, "pct_above_bb": 100.0, "pct_above_hi": 33.824314015587049, "divide_ratio": 4.0250962021080809, "pop_total": 429343.01118636201, "pop_covered": 1743.892333984375, "pop_coverage_pct": 0.40617694676469662, "level": "ADM2" }, "geometry": { "type": "Polygon", "coordinates": [ [ [ 29.846033, -2.453622 ], [ 29.840825, -2.457292 ], [ 29.839686, -2.459802 ], [ 29.833425, -2.463069 ], [ 29.822308, -2.47697 ], [ 29.812818, -2.48231 ], [ 29.804287, -2.489907 ], [ 29.803694, -2.497446 ], [ 29.805665, -2.503311 ], [ 29.80396, -2.506434 ], [ 29.797571, -2.510215 ], [ 29.792683, -2.50957 ], [ 29.786344, -2.505964 ], [ 29.78458, -2.50966 ], [ 29.787414, -2.514894 ], [ 29.786085, -2.517228 ], [ 29.779205, -2.522144 ], [ 29.77597, -2.522692 ], [ 29.771032, -2.53034 ], [ 29.763059, -2.53495 ], [ 29.763245, -2.538205 ], [ 29.76712, -2.545951 ], [ 29.76788, -2.554661 ], [ 29.766564, -2.562239 ], [ 29.759951, -2.570778 ], [ 29.759292, -2.590216 ], [ 29.757492, -2.599394 ], [ 29.75886, -2.603342 ], [ 29.772181, -2.619542 ], [ 29.773257, -2.624001 ], [ 29.769251, -2.633645 ], [ 29.76947, -2.645488 ], [ 29.766482, -2.671814 ], [ 29.757849, -2.68666 ], [ 29.746892, -2.695662 ], [ 29.743798, -2.711314 ], [ 29.737095, -2.71777 ], [ 29.733698, -2.724503 ], [ 29.723417, -2.732642 ], [ 29.72326, -2.741246 ], [ 29.720497, -2.744546 ], [ 29.718524, -2.744769 ], [ 29.719453, -2.748516 ], [ 29.716814, -2.752301 ], [ 29.716925, -2.75625 ], [ 29.713619, -2.757421 ], [ 29.714597, -2.760238 ], [ 29.712213, -2.762097 ], [ 29.714361, -2.764036 ], [ 29.71214, -2.773042 ], [ 29.707055, -2.777258 ], [ 29.705758, -2.782093 ], [ 29.704137, -2.781899 ], [ 29.701776, -2.785331 ], [ 29.699411, -2.796529 ], [ 29.697939, -2.797554 ], [ 29.698705, -2.800336 ], [ 29.70056, -2.800475 ], [ 29.70186, -2.80477 ], [ 29.700878, -2.810859 ], [ 29.705274, -2.812795 ], [ 29.704679, -2.815888 ], [ 29.708891, -2.820076 ], [ 29.715172, -2.816269 ], [ 29.719313, -2.818815 ], [ 29.72212, -2.816269 ], [ 29.723524, -2.818886 ], [ 29.732519, -2.811558 ], [ 29.738753, -2.811796 ], [ 29.74513, -2.807941 ], [ 29.750983, -2.812057 ], [ 29.753958, -2.811629 ], [ 29.76438, -2.794925 ], [ 29.766259, -2.781219 ], [ 29.76971, -2.77834 ], [ 29.768948, -2.772225 ], [ 29.769948, -2.767966 ], [ 29.772731, -2.766062 ], [ 29.774611, -2.767561 ], [ 29.786794, -2.766848 ], [ 29.793076, -2.762446 ], [ 29.795551, -2.75871 ], [ 29.807186, -2.76078 ], [ 29.807043, -2.763611 ], [ 29.810351, -2.76699 ], [ 29.81373, -2.774819 ], [ 29.816537, -2.775771 ], [ 29.818108, -2.77489 ], [ 29.821154, -2.777032 ], [ 29.825032, -2.776127 ], [ 29.832075, -2.782243 ], [ 29.833836, -2.775318 ], [ 29.835692, -2.775342 ], [ 29.839975, -2.769631 ], [ 29.841974, -2.770726 ], [ 29.844163, -2.768941 ], [ 29.852087, -2.767704 ], [ 29.854609, -2.763873 ], [ 29.859154, -2.764896 ], [ 29.862104, -2.762017 ], [ 29.866577, -2.760613 ], [ 29.87136, -2.762303 ], [ 29.877975, -2.760923 ], [ 29.881663, -2.756687 ], [ 29.879664, -2.752666 ], [ 29.882448, -2.752951 ], [ 29.888064, -2.750548 ], [ 29.890039, -2.751429 ], [ 29.893965, -2.747241 ], [ 29.893656, -2.745504 ], [ 29.891871, -2.744909 ], [ 29.89387, -2.74272 ], [ 29.894465, -2.739722 ], [ 29.893132, -2.737747 ], [ 29.894417, -2.735248 ], [ 29.896582, -2.734439 ], [ 29.89663, -2.732274 ], [ 29.900889, -2.7288 ], [ 29.90315, -2.7219 ], [ 29.910574, -2.715213 ], [ 29.913072, -2.708289 ], [ 29.918926, -2.702792 ], [ 29.919806, -2.693822 ], [ 29.924684, -2.686874 ], [ 29.930704, -2.66534 ], [ 29.929395, -2.658011 ], [ 29.934368, -2.651039 ], [ 29.936629, -2.64214 ], [ 29.93532, -2.638095 ], [ 29.930537, -2.635644 ], [ 29.928872, -2.633027 ], [ 29.931513, -2.623509 ], [ 29.930775, -2.608399 ], [ 29.932132, -2.590315 ], [ 29.929919, -2.58075 ], [ 29.926135, -2.577323 ], [ 29.927111, -2.576134 ], [ 29.924565, -2.568282 ], [ 29.922233, -2.565878 ], [ 29.921435, -2.557573 ], [ 29.925254, -2.553183 ], [ 29.926539, -2.548793 ], [ 29.930037, -2.546009 ], [ 29.929501, -2.541619 ], [ 29.934498, -2.53473 ], [ 29.936033, -2.525772 ], [ 29.934605, -2.520489 ], [ 29.93664, -2.519918 ], [ 29.93921, -2.515492 ], [ 29.938424, -2.512102 ], [ 29.941779, -2.502679 ], [ 29.943707, -2.500823 ], [ 29.943171, -2.49911 ], [ 29.950952, -2.496754 ], [ 29.953486, -2.491972 ], [ 29.956235, -2.490116 ], [ 29.964194, -2.489866 ], [ 29.968406, -2.484797 ], [ 29.969226, -2.475339 ], [ 29.967228, -2.471377 ], [ 29.970797, -2.46067 ], [ 29.96862, -2.457457 ], [ 29.968762, -2.45271 ], [ 29.966228, -2.450141 ], [ 29.96812, -2.446143 ], [ 29.96298, -2.435971 ], [ 29.961374, -2.424764 ], [ 29.962659, -2.42355 ], [ 29.961624, -2.419231 ], [ 29.962659, -2.41427 ], [ 29.955594, -2.396862 ], [ 29.942496, -2.414508 ], [ 29.9341, -2.431741 ], [ 29.924572, -2.440212 ], [ 29.902095, -2.447455 ], [ 29.893418, -2.447266 ], [ 29.884148, -2.451976 ], [ 29.867822, -2.451189 ], [ 29.852436, -2.455769 ], [ 29.846033, -2.453622 ] ] ] } },
{ "type": "Feature", "properties": { "admin_name": "Nyaruguru", "tiles": 4.0, "tests": 8.0, "devices": 4.0, "pop_weight": 2391.2612152099609, "area_km2": 1.4923999960743444, "d_mean_tile": 12.562, "d_median_tile": 10.247, "d_mean_pop": 9.4679240084729024, "d_median_pop": 6.1747216214743252, "d_p10_pop": 3.409, "d_p90_pop": 23.383915949946708, "u_median_pop": 4.8190488694845328, "lat_median_pop": 22.687918379272411, "pct_above_bb": 38.109105269963798, "pct_above_hi": 10.662452314713146, "divide_ratio": 6.859464931049196, "pop_total": 345803.14477983705, "pop_covered": 2391.2612152099609, "pop_coverage_pct": 0.691509389462727, "level": "ADM2" }, "geometry": { "type": "Polygon", "coordinates": [ [ [ 29.746892, -2.695662 ], [ 29.736936, -2.690651 ], [ 29.728728, -2.682317 ], [ 29.726463, -2.682535 ], [ 29.724528, -2.679869 ], [ 29.715475, -2.682929 ], [ 29.709893, -2.681984 ], [ 29.704118, -2.683201 ], [ 29.688882, -2.674473 ], [ 29.682739, -2.674105 ], [ 29.68271, -2.668641 ], [ 29.678326, -2.667071 ], [ 29.67557, -2.662879 ], [ 29.668671, -2.656963 ], [ 29.67218, -2.646975 ], [ 29.66995, -2.641913 ], [ 29.651843, -2.64593 ], [ 29.641603, -2.654927 ], [ 29.639132, -2.650682 ], [ 29.640687, -2.639013 ], [ 29.63753, -2.635783 ], [ 29.636633, -2.632629 ], [ 29.630323, -2.631185 ], [ 29.625861, -2.633641 ], [ 29.618446, -2.628324 ], [ 29.615512, -2.629689 ], [ 29.609863, -2.629562 ], [ 29.607653, -2.624991 ], [ 29.612306, -2.621199 ], [ 29.613669, -2.613575 ], [ 29.613266, -2.610083 ], [ 29.610592, -2.607185 ], [ 29.609264, -2.602762 ], [ 29.617092, -2.593249 ], [ 29.618307, -2.586157 ], [ 29.613495, -2.575644 ], [ 29.60956, -2.571763 ], [ 29.605181, -2.570573 ], [ 29.602542, -2.560982 ], [ 29.602781, -2.557106 ], [ 29.598049, -2.557194 ], [ 29.596116, -2.552049 ], [ 29.591739, -2.554531 ], [ 29.58805, -2.553843 ], [ 29.577113, -2.550057 ], [ 29.575312, -2.547877 ], [ 29.570485, -2.548707 ], [ 29.566567, -2.545435 ], [ 29.558244, -2.547921 ], [ 29.55025, -2.543883 ], [ 29.541874, -2.536889 ], [ 29.540247, -2.537019 ], [ 29.540445, -2.532482 ], [ 29.534143, -2.533597 ], [ 29.532901, -2.536842 ], [ 29.531438, -2.537011 ], [ 29.531158, -2.542121 ], [ 29.526965, -2.543892 ], [ 29.52642, -2.545886 ], [ 29.522834, -2.544997 ], [ 29.520374, -2.546007 ], [ 29.519069, -2.547599 ], [ 29.519002, -2.551975 ], [ 29.512584, -2.551566 ], [ 29.504763, -2.555678 ], [ 29.499004, -2.556343 ], [ 29.498464, -2.558755 ], [ 29.494963, -2.560179 ], [ 29.492633, -2.563262 ], [ 29.491854, -2.568714 ], [ 29.484555, -2.568864 ], [ 29.47967, -2.573048 ], [ 29.485551, -2.580427 ], [ 29.485985, -2.583591 ], [ 29.483159, -2.585913 ], [ 29.480536, -2.584544 ], [ 29.475738, -2.587474 ], [ 29.474031, -2.59021 ], [ 29.473168, -2.587313 ], [ 29.471214, -2.586662 ], [ 29.468368, -2.586693 ], [ 29.466024, -2.5887 ], [ 29.464208, -2.587065 ], [ 29.461377, -2.587887 ], [ 29.459597, -2.590601 ], [ 29.459013, -2.598938 ], [ 29.45468, -2.600329 ], [ 29.451638, -2.599833 ], [ 29.445687, -2.594676 ], [ 29.443436, -2.590611 ], [ 29.444576, -2.58859 ], [ 29.443368, -2.58159 ], [ 29.436094, -2.581069 ], [ 29.433652, -2.576519 ], [ 29.430974, -2.578826 ], [ 29.428347, -2.577294 ], [ 29.42835, -2.570698 ], [ 29.424524, -2.569845 ], [ 29.422896, -2.560199 ], [ 29.41314, -2.556056 ], [ 29.408038, -2.55851 ], [ 29.402073, -2.55766 ], [ 29.399254, -2.555959 ], [ 29.398926, -2.553687 ], [ 29.390835, -2.553189 ], [ 29.380095, -2.558097 ], [ 29.374251, -2.553918 ], [ 29.363147, -2.554768 ], [ 29.363269, -2.561159 ], [ 29.361966, -2.562654 ], [ 29.361132, -2.569934 ], [ 29.349041, -2.577308 ], [ 29.345442, -2.575396 ], [ 29.339736, -2.581251 ], [ 29.341276, -2.58389 ], [ 29.345008, -2.58527 ], [ 29.345052, -2.588235 ], [ 29.3424, -2.590401 ], [ 29.342543, -2.593157 ], [ 29.345246, -2.596994 ], [ 29.350431, -2.595229 ], [ 29.352937, -2.595847 ], [ 29.356257, -2.607971 ], [ 29.363052, -2.615102 ], [ 29.362122, -2.617903 ], [ 29.364474, -2.620207 ], [ 29.363345, -2.624142 ], [ 29.367931, -2.63138 ], [ 29.365096, -2.637798 ], [ 29.357104, -2.645256 ], [ 29.355918, -2.653924 ], [ 29.352065, -2.660242 ], [ 29.354235, -2.666125 ], [ 29.35123, -2.670152 ], [ 29.349074, -2.676729 ], [ 29.345232, -2.679812 ], [ 29.335305, -2.679625 ], [ 29.329055, -2.682622 ], [ 29.328105, -2.690324 ], [ 29.331913, -2.693513 ], [ 29.335149, -2.691561 ], [ 29.337243, -2.693513 ], [ 29.339289, -2.699437 ], [ 29.343382, -2.701626 ], [ 29.344762, -2.704315 ], [ 29.34431, -2.707171 ], [ 29.346665, -2.710597 ], [ 29.345832, -2.711834 ], [ 29.34933, -2.71419 ], [ 29.348045, -2.715927 ], [ 29.348735, -2.722423 ], [ 29.35209, -2.725302 ], [ 29.354755, -2.730727 ], [ 29.347522, -2.738532 ], [ 29.338718, -2.743386 ], [ 29.335315, -2.743814 ], [ 29.333078, -2.74705 ], [ 29.340812, -2.753189 ], [ 29.340145, -2.758805 ], [ 29.338028, -2.760875 ], [ 29.338218, -2.764587 ], [ 29.343548, -2.765253 ], [ 29.346856, -2.769322 ], [ 29.350496, -2.768894 ], [ 29.347974, -2.777055 ], [ 29.353661, -2.783861 ], [ 29.35673, -2.79207 ], [ 29.354279, -2.797352 ], [ 29.35171, -2.797923 ], [ 29.35259, -2.80242 ], [ 29.351614, -2.803896 ], [ 29.356254, -2.807489 ], [ 29.361584, -2.818506 ], [ 29.361109, -2.824478 ], [ 29.364797, -2.828547 ], [ 29.36168, -2.832878 ], [ 29.367652, -2.832711 ], [ 29.370626, -2.840087 ], [ 29.373244, -2.838517 ], [ 29.377408, -2.838446 ], [ 29.377146, -2.833377 ], [ 29.380929, -2.831188 ], [ 29.385094, -2.822051 ], [ 29.388972, -2.820861 ], [ 29.389781, -2.818982 ], [ 29.395516, -2.817173 ], [ 29.396491, -2.820147 ], [ 29.40037, -2.822265 ], [ 29.401179, -2.820219 ], [ 29.407746, -2.815317 ], [ 29.409388, -2.81596 ], [ 29.413124, -2.814437 ], [ 29.419405, -2.809083 ], [ 29.431398, -2.804705 ], [ 29.432707, -2.801064 ], [ 29.438108, -2.79809 ], [ 29.441154, -2.799993 ], [ 29.447531, -2.798732 ], [ 29.450862, -2.800969 ], [ 29.456763, -2.800993 ], [ 29.457286, -2.805347 ], [ 29.463378, -2.809987 ], [ 29.470326, -2.80825 ], [ 29.474014, -2.810035 ], [ 29.47606, -2.807631 ], [ 29.478154, -2.808869 ], [ 29.48277, -2.803015 ], [ 29.48603, -2.802563 ], [ 29.49205, -2.809535 ], [ 29.497452, -2.811129 ], [ 29.502449, -2.814675 ], [ 29.506732, -2.819338 ], [ 29.50766, -2.82236 ], [ 29.512918, -2.823336 ], [ 29.514941, -2.82769 ], [ 29.521389, -2.830332 ], [ 29.532549, -2.827643 ], [ 29.53726, -2.82907 ], [ 29.537998, -2.828047 ], [ 29.542471, -2.830236 ], [ 29.544327, -2.826405 ], [ 29.542566, -2.819243 ], [ 29.543542, -2.817697 ], [ 29.551608, -2.818434 ], [ 29.565885, -2.812105 ], [ 29.573975, -2.812176 ], [ 29.582803, -2.805204 ], [ 29.588633, -2.803206 ], [ 29.589703, -2.807655 ], [ 29.591512, -2.808536 ], [ 29.593796, -2.807251 ], [ 29.596937, -2.808298 ], [ 29.598388, -2.806632 ], [ 29.601077, -2.80806 ], [ 29.605884, -2.807013 ], [ 29.608382, -2.808203 ], [ 29.608977, -2.810534 ], [ 29.612808, -2.811653 ], [ 29.616187, -2.810582 ], [ 29.621303, -2.805847 ], [ 29.623968, -2.807108 ], [ 29.630345, -2.803872 ], [ 29.639268, -2.78969 ], [ 29.648167, -2.787668 ], [ 29.65214, -2.789 ], [ 29.66004, -2.788144 ], [ 29.665299, -2.792117 ], [ 29.669082, -2.791951 ], [ 29.679219, -2.80016 ], [ 29.68531, -2.800517 ], [ 29.688499, -2.803586 ], [ 29.689807, -2.807108 ], [ 29.694447, -2.809178 ], [ 29.695804, -2.807275 ], [ 29.700878, -2.810859 ], [ 29.70186, -2.80477 ], [ 29.70056, -2.800475 ], [ 29.698705, -2.800336 ], [ 29.697939, -2.797554 ], [ 29.699411, -2.796529 ], [ 29.701776, -2.785331 ], [ 29.704137, -2.781899 ], [ 29.705758, -2.782093 ], [ 29.707055, -2.777258 ], [ 29.71214, -2.773042 ], [ 29.714361, -2.764036 ], [ 29.712213, -2.762097 ], [ 29.714597, -2.760238 ], [ 29.713619, -2.757421 ], [ 29.716925, -2.75625 ], [ 29.716814, -2.752301 ], [ 29.719453, -2.748516 ], [ 29.718524, -2.744769 ], [ 29.720497, -2.744546 ], [ 29.72326, -2.741246 ], [ 29.723417, -2.732642 ], [ 29.733698, -2.724503 ], [ 29.737095, -2.71777 ], [ 29.743798, -2.711314 ], [ 29.746892, -2.695662 ] ] ] } },
{ "type": "Feature", "properties": { "admin_name": "Huye", "tiles": 11.0, "tests": 29.0, "devices": 13.0, "pop_weight": 27516.013946533203, "area_km2": 4.1046928863120105, "d_mean_tile": 33.29, "d_median_tile": 23.982, "d_mean_pop": 30.167302244323508, "d_median_pop": 18.527624587723579, "d_p10_pop": 4.4410372214618432, "d_p90_pop": 79.859272081995286, "u_median_pop": 1.0764077029288353, "lat_median_pop": 25.569316323729307, "pct_above_bb": 73.252631777940437, "pct_above_hi": 36.194722235086054, "divide_ratio": 17.982121765623987, "pop_total": 416135.91726452159, "pop_covered": 27516.013946533203, "pop_coverage_pct": 6.6122660421648565, "level": "ADM2" }, "geometry": { "type": "Polygon", "coordinates": [ [ [ 29.666031, -2.418494 ], [ 29.664663, -2.422598 ], [ 29.661917, -2.423102 ], [ 29.657128, -2.429311 ], [ 29.647869, -2.432458 ], [ 29.642188, -2.437556 ], [ 29.641982, -2.444312 ], [ 29.634112, -2.456417 ], [ 29.632055, -2.462921 ], [ 29.622638, -2.468053 ], [ 29.616586, -2.469671 ], [ 29.610447, -2.477962 ], [ 29.605783, -2.477334 ], [ 29.600873, -2.473751 ], [ 29.59509, -2.478797 ], [ 29.598053, -2.489798 ], [ 29.596926, -2.495639 ], [ 29.599659, -2.501759 ], [ 29.603923, -2.505185 ], [ 29.604133, -2.507831 ], [ 29.592104, -2.516057 ], [ 29.589738, -2.516205 ], [ 29.587224, -2.52256 ], [ 29.585081, -2.521863 ], [ 29.583391, -2.524398 ], [ 29.586987, -2.532447 ], [ 29.591357, -2.53698 ], [ 29.589057, -2.546293 ], [ 29.589787, -2.550985 ], [ 29.58805, -2.553843 ], [ 29.591739, -2.554531 ], [ 29.596116, -2.552049 ], [ 29.598049, -2.557194 ], [ 29.602781, -2.557106 ], [ 29.602542, -2.560982 ], [ 29.605181, -2.570573 ], [ 29.60956, -2.571763 ], [ 29.613495, -2.575644 ], [ 29.618307, -2.586157 ], [ 29.617092, -2.593249 ], [ 29.609264, -2.602762 ], [ 29.610592, -2.607185 ], [ 29.613266, -2.610083 ], [ 29.613669, -2.613575 ], [ 29.612306, -2.621199 ], [ 29.607653, -2.624991 ], [ 29.609863, -2.629562 ], [ 29.615512, -2.629689 ], [ 29.618446, -2.628324 ], [ 29.625861, -2.633641 ], [ 29.630323, -2.631185 ], [ 29.636633, -2.632629 ], [ 29.63753, -2.635783 ], [ 29.640687, -2.639013 ], [ 29.639132, -2.650682 ], [ 29.641603, -2.654927 ], [ 29.651843, -2.64593 ], [ 29.66995, -2.641913 ], [ 29.67218, -2.646975 ], [ 29.668671, -2.656963 ], [ 29.67557, -2.662879 ], [ 29.678326, -2.667071 ], [ 29.68271, -2.668641 ], [ 29.682739, -2.674105 ], [ 29.688882, -2.674473 ], [ 29.704118, -2.683201 ], [ 29.709893, -2.681984 ], [ 29.715475, -2.682929 ], [ 29.724528, -2.679869 ], [ 29.726463, -2.682535 ], [ 29.728728, -2.682317 ], [ 29.736936, -2.690651 ], [ 29.746892, -2.695662 ], [ 29.757849, -2.68666 ], [ 29.766482, -2.671814 ], [ 29.76947, -2.645488 ], [ 29.769251, -2.633645 ], [ 29.773257, -2.624001 ], [ 29.772181, -2.619542 ], [ 29.75886, -2.603342 ], [ 29.757492, -2.599394 ], [ 29.759292, -2.590216 ], [ 29.759951, -2.570778 ], [ 29.766564, -2.562239 ], [ 29.76788, -2.554661 ], [ 29.76712, -2.545951 ], [ 29.763245, -2.538205 ], [ 29.763059, -2.53495 ], [ 29.771032, -2.53034 ], [ 29.77597, -2.522692 ], [ 29.779205, -2.522144 ], [ 29.786085, -2.517228 ], [ 29.787414, -2.514894 ], [ 29.78458, -2.50966 ], [ 29.786344, -2.505964 ], [ 29.792683, -2.50957 ], [ 29.797571, -2.510215 ], [ 29.80396, -2.506434 ], [ 29.805665, -2.503311 ], [ 29.803694, -2.497446 ], [ 29.804287, -2.489907 ], [ 29.812818, -2.48231 ], [ 29.822308, -2.47697 ], [ 29.833425, -2.463069 ], [ 29.839686, -2.459802 ], [ 29.840825, -2.457292 ], [ 29.846033, -2.453622 ], [ 29.827121, -2.45009 ], [ 29.818777, -2.442729 ], [ 29.816487, -2.423424 ], [ 29.821014, -2.421786 ], [ 29.82409, -2.418067 ], [ 29.828171, -2.416015 ], [ 29.835419, -2.418393 ], [ 29.831233, -2.410513 ], [ 29.834081, -2.404812 ], [ 29.825382, -2.399541 ], [ 29.81408, -2.395047 ], [ 29.808915, -2.384656 ], [ 29.803811, -2.381198 ], [ 29.798609, -2.380783 ], [ 29.791345, -2.368619 ], [ 29.784398, -2.371496 ], [ 29.783535, -2.373876 ], [ 29.780418, -2.37421 ], [ 29.778389, -2.37643 ], [ 29.772859, -2.376427 ], [ 29.7699, -2.381259 ], [ 29.761979, -2.387475 ], [ 29.750322, -2.388881 ], [ 29.74818, -2.39135 ], [ 29.738463, -2.393768 ], [ 29.733312, -2.403249 ], [ 29.720095, -2.400291 ], [ 29.71326, -2.403193 ], [ 29.709918, -2.402581 ], [ 29.704624, -2.405452 ], [ 29.69988, -2.406005 ], [ 29.696078, -2.404702 ], [ 29.692032, -2.392779 ], [ 29.687607, -2.390587 ], [ 29.683459, -2.392003 ], [ 29.680149, -2.394786 ], [ 29.676493, -2.404689 ], [ 29.677648, -2.409986 ], [ 29.666031, -2.418494 ] ] ] } },
{ "type": "Feature", "properties": { "admin_name": "Nyamagabe", "tiles": 8.0, "tests": 11.0, "devices": 8.0, "pop_weight": 8820.1945495605469, "area_km2": 2.9861486779938997, "d_mean_tile": 65.17025, "d_median_tile": 60.107, "d_mean_pop": 59.701232146232648, "d_median_pop": 49.981118046177677, "d_p10_pop": 28.059926939728403, "d_p90_pop": 107.08251502519036, "u_median_pop": 19.483105020081055, "lat_median_pop": 23.0, "pct_above_bb": 100.0, "pct_above_hi": 87.367243981115706, "divide_ratio": 3.8162079058580338, "pop_total": 403453.74725130107, "pop_covered": 8820.1945495605469, "pop_coverage_pct": 2.1861724199246741, "level": "ADM2" }, "geometry": { "type": "Polygon", "coordinates": [ [ [ 29.595499, -2.257212 ], [ 29.593509, -2.25499 ], [ 29.594995, -2.251692 ], [ 29.591504, -2.250181 ], [ 29.588157, -2.251295 ], [ 29.586639, -2.248735 ], [ 29.584806, -2.248405 ], [ 29.582729, -2.245461 ], [ 29.583377, -2.243592 ], [ 29.581666, -2.242944 ], [ 29.582632, -2.242126 ], [ 29.578453, -2.238351 ], [ 29.580029, -2.236091 ], [ 29.575411, -2.234368 ], [ 29.576523, -2.233733 ], [ 29.57576, -2.229972 ], [ 29.574206, -2.229885 ], [ 29.567834, -2.222668 ], [ 29.567507, -2.220428 ], [ 29.565123, -2.21973 ], [ 29.563854, -2.213098 ], [ 29.561904, -2.212186 ], [ 29.562117, -2.205765 ], [ 29.560031, -2.205198 ], [ 29.558055, -2.200208 ], [ 29.551347, -2.199827 ], [ 29.550109, -2.203972 ], [ 29.54851, -2.203455 ], [ 29.547641, -2.204621 ], [ 29.549443, -2.207494 ], [ 29.547902, -2.208761 ], [ 29.546131, -2.207198 ], [ 29.544667, -2.207886 ], [ 29.548227, -2.211728 ], [ 29.545166, -2.212188 ], [ 29.544115, -2.210913 ], [ 29.542699, -2.212784 ], [ 29.541565, -2.210834 ], [ 29.539266, -2.214793 ], [ 29.532285, -2.218506 ], [ 29.532284, -2.220164 ], [ 29.53012, -2.221379 ], [ 29.530497, -2.222909 ], [ 29.526703, -2.223531 ], [ 29.527052, -2.225364 ], [ 29.524243, -2.224542 ], [ 29.523173, -2.227624 ], [ 29.519628, -2.226643 ], [ 29.517736, -2.22954 ], [ 29.519474, -2.233769 ], [ 29.51702, -2.232458 ], [ 29.516556, -2.230509 ], [ 29.514619, -2.236583 ], [ 29.510258, -2.236015 ], [ 29.509349, -2.234614 ], [ 29.506367, -2.238104 ], [ 29.501052, -2.239697 ], [ 29.499372, -2.243072 ], [ 29.49713, -2.24042 ], [ 29.494031, -2.240956 ], [ 29.489964, -2.249931 ], [ 29.48551, -2.251606 ], [ 29.481697, -2.256982 ], [ 29.478529, -2.257481 ], [ 29.477607, -2.259837 ], [ 29.474952, -2.260833 ], [ 29.473495, -2.265975 ], [ 29.474775, -2.267766 ], [ 29.472527, -2.272175 ], [ 29.471407, -2.27098 ], [ 29.469552, -2.273741 ], [ 29.467459, -2.271865 ], [ 29.461153, -2.271829 ], [ 29.458729, -2.2675 ], [ 29.453663, -2.269591 ], [ 29.452379, -2.271633 ], [ 29.450664, -2.270555 ], [ 29.447726, -2.271342 ], [ 29.449048, -2.273453 ], [ 29.4449, -2.273604 ], [ 29.441569, -2.275988 ], [ 29.440352, -2.274067 ], [ 29.433911, -2.273891 ], [ 29.426554, -2.268496 ], [ 29.421412, -2.267061 ], [ 29.418042, -2.273232 ], [ 29.41275, -2.274651 ], [ 29.408644, -2.278678 ], [ 29.405074, -2.276101 ], [ 29.40282, -2.276882 ], [ 29.386348, -2.29805 ], [ 29.382819, -2.298642 ], [ 29.384001, -2.296396 ], [ 29.381924, -2.29079 ], [ 29.379927, -2.290214 ], [ 29.37459, -2.290368 ], [ 29.371096, -2.293247 ], [ 29.367948, -2.290944 ], [ 29.364017, -2.293186 ], [ 29.347733, -2.291642 ], [ 29.344148, -2.29257 ], [ 29.343943, -2.295192 ], [ 29.338393, -2.298668 ], [ 29.331789, -2.306655 ], [ 29.328064, -2.315755 ], [ 29.325761, -2.315908 ], [ 29.323188, -2.316907 ], [ 29.320615, -2.319978 ], [ 29.321345, -2.322858 ], [ 29.324582, -2.324429 ], [ 29.325807, -2.330911 ], [ 29.328256, -2.334377 ], [ 29.326747, -2.336768 ], [ 29.327285, -2.339648 ], [ 29.333735, -2.34702 ], [ 29.337537, -2.348249 ], [ 29.337882, -2.352856 ], [ 29.343032, -2.356867 ], [ 29.343969, -2.359989 ], [ 29.342503, -2.362124 ], [ 29.343071, -2.36576 ], [ 29.337433, -2.370579 ], [ 29.335954, -2.378394 ], [ 29.330649, -2.379884 ], [ 29.330776, -2.383704 ], [ 29.327472, -2.388717 ], [ 29.322709, -2.388267 ], [ 29.318288, -2.398645 ], [ 29.321527, -2.401896 ], [ 29.322855, -2.406043 ], [ 29.325836, -2.405703 ], [ 29.327196, -2.406885 ], [ 29.328547, -2.410974 ], [ 29.327214, -2.413399 ], [ 29.329398, -2.41619 ], [ 29.327456, -2.420074 ], [ 29.32867, -2.421651 ], [ 29.325909, -2.422988 ], [ 29.325944, -2.427939 ], [ 29.323517, -2.432469 ], [ 29.31753, -2.431337 ], [ 29.309926, -2.435705 ], [ 29.307175, -2.434087 ], [ 29.30313, -2.434087 ], [ 29.299118, -2.4404 ], [ 29.280308, -2.441856 ], [ 29.279479, -2.448027 ], [ 29.277385, -2.448899 ], [ 29.273267, -2.456554 ], [ 29.27242, -2.463821 ], [ 29.268658, -2.466491 ], [ 29.266231, -2.470738 ], [ 29.265624, -2.472316 ], [ 29.269386, -2.475471 ], [ 29.264653, -2.482024 ], [ 29.26975, -2.482995 ], [ 29.277153, -2.487485 ], [ 29.277915, -2.486761 ], [ 29.279819, -2.489174 ], [ 29.282767, -2.490089 ], [ 29.288729, -2.489618 ], [ 29.292144, -2.493353 ], [ 29.299699, -2.495082 ], [ 29.301064, -2.493262 ], [ 29.307162, -2.492898 ], [ 29.310802, -2.498541 ], [ 29.322543, -2.507551 ], [ 29.32318, -2.513922 ], [ 29.32152, -2.517212 ], [ 29.324138, -2.517726 ], [ 29.323116, -2.518741 ], [ 29.324046, -2.525797 ], [ 29.322169, -2.5275 ], [ 29.322633, -2.529137 ], [ 29.319144, -2.535184 ], [ 29.319085, -2.537787 ], [ 29.326056, -2.536545 ], [ 29.328923, -2.539108 ], [ 29.334609, -2.538124 ], [ 29.339226, -2.540141 ], [ 29.340225, -2.543406 ], [ 29.337173, -2.548281 ], [ 29.337921, -2.553637 ], [ 29.33597, -2.557247 ], [ 29.337229, -2.558333 ], [ 29.344967, -2.557602 ], [ 29.346925, -2.559407 ], [ 29.344681, -2.563321 ], [ 29.346922, -2.565351 ], [ 29.344261, -2.570805 ], [ 29.345442, -2.575396 ], [ 29.349041, -2.577308 ], [ 29.361132, -2.569934 ], [ 29.361966, -2.562654 ], [ 29.363269, -2.561159 ], [ 29.363147, -2.554768 ], [ 29.374251, -2.553918 ], [ 29.380095, -2.558097 ], [ 29.390835, -2.553189 ], [ 29.398926, -2.553687 ], [ 29.399254, -2.555959 ], [ 29.402073, -2.55766 ], [ 29.408038, -2.55851 ], [ 29.41314, -2.556056 ], [ 29.422896, -2.560199 ], [ 29.424524, -2.569845 ], [ 29.42835, -2.570698 ], [ 29.428347, -2.577294 ], [ 29.430974, -2.578826 ], [ 29.433652, -2.576519 ], [ 29.436094, -2.581069 ], [ 29.443368, -2.58159 ], [ 29.444576, -2.58859 ], [ 29.443436, -2.590611 ], [ 29.445687, -2.594676 ], [ 29.451638, -2.599833 ], [ 29.45468, -2.600329 ], [ 29.459013, -2.598938 ], [ 29.459597, -2.590601 ], [ 29.461377, -2.587887 ], [ 29.464208, -2.587065 ], [ 29.466024, -2.5887 ], [ 29.468368, -2.586693 ], [ 29.471214, -2.586662 ], [ 29.473168, -2.587313 ], [ 29.474031, -2.59021 ], [ 29.475738, -2.587474 ], [ 29.480536, -2.584544 ], [ 29.483159, -2.585913 ], [ 29.485985, -2.583591 ], [ 29.485551, -2.580427 ], [ 29.47967, -2.573048 ], [ 29.484555, -2.568864 ], [ 29.491854, -2.568714 ], [ 29.492633, -2.563262 ], [ 29.494963, -2.560179 ], [ 29.498464, -2.558755 ], [ 29.499004, -2.556343 ], [ 29.504763, -2.555678 ], [ 29.512584, -2.551566 ], [ 29.519002, -2.551975 ], [ 29.519069, -2.547599 ], [ 29.520374, -2.546007 ], [ 29.522834, -2.544997 ], [ 29.52642, -2.545886 ], [ 29.526965, -2.543892 ], [ 29.531158, -2.542121 ], [ 29.531438, -2.537011 ], [ 29.532901, -2.536842 ], [ 29.534143, -2.533597 ], [ 29.540445, -2.532482 ], [ 29.540247, -2.537019 ], [ 29.541874, -2.536889 ], [ 29.55025, -2.543883 ], [ 29.558244, -2.547921 ], [ 29.566567, -2.545435 ], [ 29.570485, -2.548707 ], [ 29.575312, -2.547877 ], [ 29.577113, -2.550057 ], [ 29.58805, -2.553843 ], [ 29.589787, -2.550985 ], [ 29.589057, -2.546293 ], [ 29.591357, -2.53698 ], [ 29.586987, -2.532447 ], [ 29.583391, -2.524398 ], [ 29.585081, -2.521863 ], [ 29.587224, -2.52256 ], [ 29.589738, -2.516205 ], [ 29.592104, -2.516057 ], [ 29.604133, -2.507831 ], [ 29.603923, -2.505185 ], [ 29.599659, -2.501759 ], [ 29.596926, -2.495639 ], [ 29.598053, -2.489798 ], [ 29.59509, -2.478797 ], [ 29.600873, -2.473751 ], [ 29.605783, -2.477334 ], [ 29.610447, -2.477962 ], [ 29.616586, -2.469671 ], [ 29.622638, -2.468053 ], [ 29.632055, -2.462921 ], [ 29.634112, -2.456417 ], [ 29.641982, -2.444312 ], [ 29.642188, -2.437556 ], [ 29.647869, -2.432458 ], [ 29.657128, -2.429311 ], [ 29.661917, -2.423102 ], [ 29.664663, -2.422598 ], [ 29.666031, -2.418494 ], [ 29.654466, -2.412277 ], [ 29.641476, -2.409561 ], [ 29.641324, -2.406745 ], [ 29.635863, -2.39787 ], [ 29.636352, -2.389318 ], [ 29.631339, -2.388078 ], [ 29.630979, -2.383799 ], [ 29.629493, -2.383356 ], [ 29.631033, -2.381439 ], [ 29.629332, -2.376691 ], [ 29.627198, -2.375628 ], [ 29.622626, -2.367069 ], [ 29.62146, -2.358675 ], [ 29.623756, -2.35442 ], [ 29.619681, -2.355248 ], [ 29.611361, -2.362885 ], [ 29.610942, -2.365989 ], [ 29.60646, -2.369781 ], [ 29.601594, -2.371676 ], [ 29.599501, -2.37114 ], [ 29.598965, -2.367962 ], [ 29.595205, -2.365054 ], [ 29.595426, -2.36075 ], [ 29.592252, -2.356022 ], [ 29.583062, -2.347571 ], [ 29.584219, -2.341979 ], [ 29.583681, -2.336383 ], [ 29.581655, -2.333511 ], [ 29.582245, -2.331245 ], [ 29.586746, -2.329957 ], [ 29.589221, -2.330689 ], [ 29.590909, -2.320387 ], [ 29.596135, -2.318346 ], [ 29.599939, -2.311704 ], [ 29.601181, -2.312107 ], [ 29.611891, -2.304129 ], [ 29.617336, -2.289091 ], [ 29.614988, -2.286363 ], [ 29.610827, -2.285741 ], [ 29.608721, -2.281148 ], [ 29.604456, -2.278489 ], [ 29.600985, -2.262328 ], [ 29.59938, -2.2596 ], [ 29.598326, -2.260135 ], [ 29.595499, -2.257212 ] ] ] } },
{ "type": "Feature", "properties": { "admin_name": "Ruhango", "tiles": 5.0, "tests": 19.0, "devices": 5.0, "pop_weight": 7701.7973022460938, "area_km2": 1.8668508814401328, "d_mean_tile": 11.327, "d_median_tile": 10.474, "d_mean_pop": 8.6350614881429983, "d_median_pop": 9.1900535946752555, "d_p10_pop": 1.118, "d_p90_pop": 11.896039175488212, "u_median_pop": 3.00360494454821, "lat_median_pop": 23.334030889142422, "pct_above_bb": 48.167712761914537, "pct_above_hi": 6.8259467293610845, "divide_ratio": 10.640464378790886, "pop_total": 391281.96548175812, "pop_covered": 7701.7973022460938, "pop_coverage_pct": 1.9683496766234574, "level": "ADM2" }, "geometry": { "type": "Polygon", "coordinates": [ [ [ 29.983545, -2.232735 ], [ 29.983846, -2.230092 ], [ 29.986357, -2.227917 ], [ 29.987908, -2.222522 ], [ 29.989761, -2.220888 ], [ 29.990677, -2.215601 ], [ 29.990133, -2.210474 ], [ 29.98826, -2.208402 ], [ 29.988672, -2.202026 ], [ 29.984909, -2.200629 ], [ 29.983381, -2.202538 ], [ 29.963834, -2.20206 ], [ 29.959339, -2.199274 ], [ 29.928773, -2.151864 ], [ 29.927086, -2.141421 ], [ 29.906306, -2.135639 ], [ 29.899186, -2.1293 ], [ 29.898314, -2.126655 ], [ 29.894993, -2.125853 ], [ 29.891734, -2.117169 ], [ 29.888152, -2.113591 ], [ 29.887361, -2.109757 ], [ 29.888764, -2.106323 ], [ 29.887203, -2.101396 ], [ 29.885524, -2.100526 ], [ 29.868735, -2.106506 ], [ 29.864626, -2.105704 ], [ 29.857148, -2.107709 ], [ 29.855322, -2.106732 ], [ 29.84176, -2.112524 ], [ 29.822675, -2.111596 ], [ 29.818748, -2.112979 ], [ 29.814269, -2.111236 ], [ 29.80777, -2.111337 ], [ 29.804436, -2.111929 ], [ 29.803739, -2.113931 ], [ 29.803322, -2.115582 ], [ 29.80675, -2.119181 ], [ 29.807633, -2.123008 ], [ 29.803445, -2.124234 ], [ 29.800272, -2.127867 ], [ 29.791808, -2.127696 ], [ 29.792943, -2.132339 ], [ 29.796178, -2.136433 ], [ 29.792755, -2.138437 ], [ 29.791023, -2.140995 ], [ 29.791087, -2.145456 ], [ 29.78935, -2.146022 ], [ 29.78759, -2.14388 ], [ 29.779147, -2.145232 ], [ 29.773528, -2.14375 ], [ 29.768892, -2.139866 ], [ 29.76644, -2.135213 ], [ 29.757491, -2.130729 ], [ 29.750321, -2.129569 ], [ 29.739436, -2.121896 ], [ 29.737767, -2.118118 ], [ 29.733499, -2.118335 ], [ 29.72521, -2.111821 ], [ 29.723436, -2.112971 ], [ 29.719636, -2.111869 ], [ 29.714366, -2.1126 ], [ 29.713438, -2.111451 ], [ 29.707494, -2.114248 ], [ 29.704607, -2.113415 ], [ 29.699289, -2.114637 ], [ 29.696076, -2.1194 ], [ 29.690358, -2.11979 ], [ 29.687959, -2.121451 ], [ 29.683746, -2.119099 ], [ 29.684417, -2.117557 ], [ 29.681279, -2.113234 ], [ 29.68347, -2.112399 ], [ 29.681537, -2.110442 ], [ 29.682956, -2.107923 ], [ 29.682082, -2.106561 ], [ 29.679312, -2.105905 ], [ 29.679405, -2.104563 ], [ 29.677727, -2.104543 ], [ 29.677537, -2.10592 ], [ 29.672436, -2.10433 ], [ 29.670074, -2.107341 ], [ 29.669623, -2.1061 ], [ 29.665392, -2.105938 ], [ 29.666129, -2.119812 ], [ 29.658866, -2.119304 ], [ 29.651979, -2.112431 ], [ 29.651836, -2.115221 ], [ 29.648835, -2.118638 ], [ 29.642379, -2.119393 ], [ 29.632336, -2.117416 ], [ 29.629647, -2.119058 ], [ 29.626143, -2.118524 ], [ 29.619615, -2.122586 ], [ 29.618205, -2.120413 ], [ 29.614981, -2.12143 ], [ 29.612606, -2.116559 ], [ 29.610482, -2.118324 ], [ 29.610411, -2.12181 ], [ 29.607889, -2.123511 ], [ 29.608317, -2.125022 ], [ 29.606092, -2.12639 ], [ 29.608198, -2.128674 ], [ 29.597669, -2.138977 ], [ 29.597871, -2.144177 ], [ 29.599513, -2.144641 ], [ 29.596122, -2.146651 ], [ 29.594552, -2.150661 ], [ 29.599108, -2.151125 ], [ 29.59987, -2.155741 ], [ 29.602356, -2.156431 ], [ 29.603784, -2.154991 ], [ 29.604427, -2.158275 ], [ 29.606473, -2.158608 ], [ 29.605164, -2.160928 ], [ 29.605819, -2.162522 ], [ 29.604093, -2.163759 ], [ 29.604367, -2.168483 ], [ 29.606223, -2.171231 ], [ 29.608805, -2.171612 ], [ 29.609757, -2.176347 ], [ 29.609114, -2.180737 ], [ 29.605331, -2.185222 ], [ 29.606283, -2.187852 ], [ 29.603237, -2.191052 ], [ 29.598383, -2.190481 ], [ 29.595896, -2.188637 ], [ 29.593112, -2.191207 ], [ 29.589733, -2.192027 ], [ 29.590102, -2.194669 ], [ 29.587009, -2.193634 ], [ 29.585236, -2.197024 ], [ 29.586628, -2.199118 ], [ 29.585165, -2.201914 ], [ 29.580251, -2.197536 ], [ 29.578395, -2.199118 ], [ 29.576979, -2.197227 ], [ 29.572839, -2.203568 ], [ 29.562117, -2.205765 ], [ 29.561904, -2.212186 ], [ 29.563854, -2.213098 ], [ 29.565123, -2.21973 ], [ 29.567507, -2.220428 ], [ 29.567834, -2.222668 ], [ 29.574206, -2.229885 ], [ 29.57576, -2.229972 ], [ 29.576523, -2.233733 ], [ 29.575411, -2.234368 ], [ 29.580029, -2.236091 ], [ 29.578453, -2.238351 ], [ 29.582632, -2.242126 ], [ 29.581666, -2.242944 ], [ 29.583377, -2.243592 ], [ 29.582729, -2.245461 ], [ 29.584806, -2.248405 ], [ 29.586639, -2.248735 ], [ 29.588157, -2.251295 ], [ 29.591504, -2.250181 ], [ 29.594995, -2.251692 ], [ 29.593509, -2.25499 ], [ 29.595499, -2.257212 ], [ 29.601081, -2.252858 ], [ 29.60566, -2.254798 ], [ 29.609997, -2.253252 ], [ 29.620727, -2.257797 ], [ 29.623247, -2.262112 ], [ 29.629839, -2.263275 ], [ 29.633757, -2.26072 ], [ 29.635717, -2.252336 ], [ 29.639145, -2.251775 ], [ 29.64324, -2.253291 ], [ 29.643216, -2.256331 ], [ 29.645903, -2.257942 ], [ 29.647021, -2.261955 ], [ 29.647789, -2.260442 ], [ 29.64911, -2.261203 ], [ 29.652097, -2.259682 ], [ 29.659176, -2.250847 ], [ 29.67989, -2.272795 ], [ 29.681098, -2.271158 ], [ 29.686315, -2.269834 ], [ 29.687252, -2.271952 ], [ 29.689178, -2.271945 ], [ 29.694049, -2.269801 ], [ 29.695743, -2.266752 ], [ 29.693545, -2.255881 ], [ 29.694683, -2.251837 ], [ 29.693463, -2.245217 ], [ 29.699862, -2.245843 ], [ 29.703023, -2.247778 ], [ 29.709551, -2.247549 ], [ 29.711683, -2.247153 ], [ 29.710516, -2.242597 ], [ 29.713512, -2.241718 ], [ 29.723359, -2.247176 ], [ 29.733578, -2.246208 ], [ 29.737266, -2.247966 ], [ 29.739345, -2.246365 ], [ 29.741492, -2.24043 ], [ 29.749215, -2.245542 ], [ 29.750794, -2.253788 ], [ 29.753057, -2.258111 ], [ 29.770801, -2.268954 ], [ 29.780569, -2.280196 ], [ 29.793725, -2.281074 ], [ 29.798795, -2.273866 ], [ 29.797848, -2.269838 ], [ 29.800372, -2.264236 ], [ 29.80645, -2.261333 ], [ 29.812979, -2.263175 ], [ 29.818766, -2.259363 ], [ 29.827147, -2.262687 ], [ 29.831767, -2.270672 ], [ 29.837932, -2.274086 ], [ 29.83943, -2.278935 ], [ 29.844131, -2.283427 ], [ 29.850698, -2.282906 ], [ 29.85366, -2.286457 ], [ 29.86519, -2.283909 ], [ 29.870895, -2.279211 ], [ 29.886119, -2.27728 ], [ 29.891241, -2.28077 ], [ 29.902622, -2.281625 ], [ 29.908123, -2.284209 ], [ 29.915944, -2.278089 ], [ 29.912138, -2.272936 ], [ 29.911078, -2.265812 ], [ 29.906414, -2.259186 ], [ 29.907216, -2.249382 ], [ 29.904616, -2.24629 ], [ 29.89887, -2.246682 ], [ 29.902869, -2.234109 ], [ 29.910469, -2.232546 ], [ 29.922315, -2.239941 ], [ 29.93027, -2.234643 ], [ 29.945895, -2.231661 ], [ 29.952453, -2.233584 ], [ 29.963575, -2.231895 ], [ 29.972769, -2.235666 ], [ 29.983545, -2.232735 ] ] ] } },
{ "type": "Feature", "properties": { "admin_name": "Muhanga", "tiles": 21.0, "tests": 91.0, "devices": 32.0, "pop_weight": 42674.772033691406, "area_km2": 7.8425424964033867, "d_mean_tile": 26.73447619047619, "d_median_tile": 20.041, "d_mean_pop": 29.003125337556433, "d_median_pop": 22.053174801189101, "d_p10_pop": 8.5265282586347979, "d_p90_pop": 54.375136831093826, "u_median_pop": 9.0010612832912429, "lat_median_pop": 19.653601537145903, "pct_above_bb": 81.827532062704037, "pct_above_hi": 41.742444238151428, "divide_ratio": 6.3771719487387184, "pop_total": 385098.74257516861, "pop_covered": 42674.772033691406, "pop_coverage_pct": 11.081514249650292, "level": "ADM2" }, "geometry": { "type": "Polygon", "coordinates": [ [ [ 29.803739, -2.113931 ], [ 29.800573, -2.110828 ], [ 29.799439, -2.105337 ], [ 29.796995, -2.105501 ], [ 29.792006, -2.100271 ], [ 29.792768, -2.098476 ], [ 29.793994, -2.098818 ], [ 29.79423, -2.096095 ], [ 29.799732, -2.095257 ], [ 29.800487, -2.09316 ], [ 29.80534, -2.095328 ], [ 29.804429, -2.088491 ], [ 29.802031, -2.086311 ], [ 29.792948, -2.083229 ], [ 29.791283, -2.078316 ], [ 29.79186, -2.075879 ], [ 29.795173, -2.074038 ], [ 29.795188, -2.070914 ], [ 29.79673, -2.069825 ], [ 29.79469, -2.066412 ], [ 29.796347, -2.064804 ], [ 29.794858, -2.064562 ], [ 29.797538, -2.061806 ], [ 29.803386, -2.057506 ], [ 29.809937, -2.062132 ], [ 29.815173, -2.059769 ], [ 29.809106, -2.054684 ], [ 29.807652, -2.048204 ], [ 29.805136, -2.046286 ], [ 29.807799, -2.04302 ], [ 29.807516, -2.038797 ], [ 29.804232, -2.037394 ], [ 29.804568, -2.035846 ], [ 29.797022, -2.039564 ], [ 29.790233, -2.03097 ], [ 29.794759, -2.0285 ], [ 29.797416, -2.02277 ], [ 29.801093, -2.019803 ], [ 29.810198, -2.018018 ], [ 29.812013, -2.01183 ], [ 29.807592, -2.011413 ], [ 29.805357, -2.008428 ], [ 29.803729, -2.002145 ], [ 29.797161, -1.998647 ], [ 29.79706, -1.99557 ], [ 29.799201, -1.993138 ], [ 29.798093, -1.984815 ], [ 29.800654, -1.98202 ], [ 29.801422, -1.976975 ], [ 29.79671, -1.963115 ], [ 29.793032, -1.961328 ], [ 29.790528, -1.956879 ], [ 29.791857, -1.946937 ], [ 29.790786, -1.940074 ], [ 29.793126, -1.934261 ], [ 29.792884, -1.930844 ], [ 29.789339, -1.917818 ], [ 29.785354, -1.91711 ], [ 29.784052, -1.912534 ], [ 29.787038, -1.911469 ], [ 29.787204, -1.907166 ], [ 29.793817, -1.899986 ], [ 29.794592, -1.894825 ], [ 29.796658, -1.894366 ], [ 29.796615, -1.892175 ], [ 29.798381, -1.891208 ], [ 29.798176, -1.887537 ], [ 29.801229, -1.887156 ], [ 29.80121, -1.883793 ], [ 29.802992, -1.883056 ], [ 29.802118, -1.881819 ], [ 29.805024, -1.878704 ], [ 29.804858, -1.876989 ], [ 29.807983, -1.875759 ], [ 29.808655, -1.871875 ], [ 29.811127, -1.871737 ], [ 29.810476, -1.866628 ], [ 29.811825, -1.864803 ], [ 29.811287, -1.863106 ], [ 29.812862, -1.862736 ], [ 29.812206, -1.857283 ], [ 29.817453, -1.852911 ], [ 29.816459, -1.851387 ], [ 29.804966, -1.852213 ], [ 29.797328, -1.848004 ], [ 29.796613, -1.844953 ], [ 29.799399, -1.842796 ], [ 29.800809, -1.838734 ], [ 29.798991, -1.829681 ], [ 29.796305, -1.82634 ], [ 29.79154, -1.825201 ], [ 29.789576, -1.820785 ], [ 29.785892, -1.819649 ], [ 29.778066, -1.809442 ], [ 29.771902, -1.81037 ], [ 29.769344, -1.806803 ], [ 29.769722, -1.791369 ], [ 29.763774, -1.780881 ], [ 29.756339, -1.775013 ], [ 29.75029, -1.774462 ], [ 29.744308, -1.764585 ], [ 29.747915, -1.750658 ], [ 29.746336, -1.749986 ], [ 29.744471, -1.751528 ], [ 29.741551, -1.749767 ], [ 29.738342, -1.751376 ], [ 29.733578, -1.748339 ], [ 29.728507, -1.74816 ], [ 29.720947, -1.754997 ], [ 29.717447, -1.755525 ], [ 29.713554, -1.752447 ], [ 29.710334, -1.75327 ], [ 29.703391, -1.747271 ], [ 29.701106, -1.744452 ], [ 29.701108, -1.737748 ], [ 29.696514, -1.736418 ], [ 29.694694, -1.733617 ], [ 29.688217, -1.731616 ], [ 29.672934, -1.732626 ], [ 29.668113, -1.731178 ], [ 29.660414, -1.733195 ], [ 29.658871, -1.734995 ], [ 29.659715, -1.738734 ], [ 29.66484, -1.742221 ], [ 29.662773, -1.745646 ], [ 29.6619, -1.75343 ], [ 29.664356, -1.759645 ], [ 29.667735, -1.762594 ], [ 29.666519, -1.765228 ], [ 29.669451, -1.772011 ], [ 29.671449, -1.773558 ], [ 29.671205, -1.779505 ], [ 29.672918, -1.779576 ], [ 29.673322, -1.78098 ], [ 29.672023, -1.782897 ], [ 29.673164, -1.787128 ], [ 29.669372, -1.789284 ], [ 29.668873, -1.799659 ], [ 29.672642, -1.804727 ], [ 29.672192, -1.80915 ], [ 29.669325, -1.809296 ], [ 29.668682, -1.817648 ], [ 29.670832, -1.817449 ], [ 29.672315, -1.822637 ], [ 29.664804, -1.830806 ], [ 29.666876, -1.835976 ], [ 29.664325, -1.843315 ], [ 29.665791, -1.850234 ], [ 29.663814, -1.853016 ], [ 29.664848, -1.858121 ], [ 29.663323, -1.861299 ], [ 29.665223, -1.862593 ], [ 29.665339, -1.864842 ], [ 29.668076, -1.866096 ], [ 29.667695, -1.869746 ], [ 29.671176, -1.87594 ], [ 29.671168, -1.879869 ], [ 29.668944, -1.884052 ], [ 29.671126, -1.886242 ], [ 29.67287, -1.893927 ], [ 29.675174, -1.896268 ], [ 29.673316, -1.901293 ], [ 29.670104, -1.90166 ], [ 29.669993, -1.90783 ], [ 29.673096, -1.910544 ], [ 29.670746, -1.914054 ], [ 29.666097, -1.915177 ], [ 29.661419, -1.919804 ], [ 29.661598, -1.923016 ], [ 29.663974, -1.924234 ], [ 29.661806, -1.929084 ], [ 29.664148, -1.934343 ], [ 29.660941, -1.938274 ], [ 29.661776, -1.944193 ], [ 29.664542, -1.946989 ], [ 29.670907, -1.948833 ], [ 29.672839, -1.952556 ], [ 29.673649, -1.959426 ], [ 29.66584, -1.971861 ], [ 29.655783, -1.97395 ], [ 29.654633, -1.976304 ], [ 29.651226, -1.975629 ], [ 29.643609, -1.979086 ], [ 29.640777, -1.977119 ], [ 29.63912, -1.978105 ], [ 29.625706, -1.973451 ], [ 29.622394, -1.975797 ], [ 29.622034, -1.979872 ], [ 29.62608, -1.984834 ], [ 29.634413, -1.98993 ], [ 29.636805, -1.995143 ], [ 29.634529, -1.999338 ], [ 29.631386, -2.000707 ], [ 29.628649, -2.007691 ], [ 29.631107, -2.015438 ], [ 29.63368, -2.01678 ], [ 29.628424, -2.021878 ], [ 29.631321, -2.024051 ], [ 29.632361, -2.027107 ], [ 29.631124, -2.029427 ], [ 29.632668, -2.033286 ], [ 29.630862, -2.037945 ], [ 29.634324, -2.038823 ], [ 29.634809, -2.042594 ], [ 29.636441, -2.042687 ], [ 29.636237, -2.045661 ], [ 29.639252, -2.049454 ], [ 29.635607, -2.054783 ], [ 29.636827, -2.058804 ], [ 29.633896, -2.058955 ], [ 29.633028, -2.062049 ], [ 29.633278, -2.064073 ], [ 29.634771, -2.064567 ], [ 29.633974, -2.066023 ], [ 29.637176, -2.066997 ], [ 29.631897, -2.07221 ], [ 29.63262, -2.074971 ], [ 29.634126, -2.075515 ], [ 29.633556, -2.07911 ], [ 29.629164, -2.079755 ], [ 29.62977, -2.084972 ], [ 29.627924, -2.083512 ], [ 29.626663, -2.085654 ], [ 29.624545, -2.085856 ], [ 29.623105, -2.089794 ], [ 29.621083, -2.088818 ], [ 29.619298, -2.090044 ], [ 29.620107, -2.092816 ], [ 29.622886, -2.092704 ], [ 29.62228, -2.095373 ], [ 29.618874, -2.095779 ], [ 29.617862, -2.099349 ], [ 29.61561, -2.098015 ], [ 29.61749, -2.101965 ], [ 29.616776, -2.107093 ], [ 29.614507, -2.107145 ], [ 29.613623, -2.103369 ], [ 29.612422, -2.105165 ], [ 29.612692, -2.107334 ], [ 29.614798, -2.108436 ], [ 29.614515, -2.110079 ], [ 29.617429, -2.109966 ], [ 29.61933, -2.113639 ], [ 29.612606, -2.116559 ], [ 29.614981, -2.12143 ], [ 29.618205, -2.120413 ], [ 29.619615, -2.122586 ], [ 29.626143, -2.118524 ], [ 29.629647, -2.119058 ], [ 29.632336, -2.117416 ], [ 29.642379, -2.119393 ], [ 29.648835, -2.118638 ], [ 29.651836, -2.115221 ], [ 29.651979, -2.112431 ], [ 29.658866, -2.119304 ], [ 29.666129, -2.119812 ], [ 29.665392, -2.105938 ], [ 29.669623, -2.1061 ], [ 29.670074, -2.107341 ], [ 29.672436, -2.10433 ], [ 29.677537, -2.10592 ], [ 29.677727, -2.104543 ], [ 29.679405, -2.104563 ], [ 29.679312, -2.105905 ], [ 29.682082, -2.106561 ], [ 29.682956, -2.107923 ], [ 29.681537, -2.110442 ], [ 29.68347, -2.112399 ], [ 29.681279, -2.113234 ], [ 29.684417, -2.117557 ], [ 29.683746, -2.119099 ], [ 29.687959, -2.121451 ], [ 29.690358, -2.11979 ], [ 29.696076, -2.1194 ], [ 29.699289, -2.114637 ], [ 29.704607, -2.113415 ], [ 29.707494, -2.114248 ], [ 29.713438, -2.111451 ], [ 29.714366, -2.1126 ], [ 29.719636, -2.111869 ], [ 29.723436, -2.112971 ], [ 29.72521, -2.111821 ], [ 29.733499, -2.118335 ], [ 29.737767, -2.118118 ], [ 29.739436, -2.121896 ], [ 29.750321, -2.129569 ], [ 29.757491, -2.130729 ], [ 29.76644, -2.135213 ], [ 29.768892, -2.139866 ], [ 29.773528, -2.14375 ], [ 29.779147, -2.145232 ], [ 29.78759, -2.14388 ], [ 29.78935, -2.146022 ], [ 29.791087, -2.145456 ], [ 29.791023, -2.140995 ], [ 29.792755, -2.138437 ], [ 29.796178, -2.136433 ], [ 29.792943, -2.132339 ], [ 29.791808, -2.127696 ], [ 29.800272, -2.127867 ], [ 29.803445, -2.124234 ], [ 29.807633, -2.123008 ], [ 29.80675, -2.119181 ], [ 29.803322, -2.115582 ], [ 29.803739, -2.113931 ] ] ] } },
{ "type": "Feature", "properties": { "admin_name": "Kamonyi", "tiles": 28.0, "tests": 131.0, "devices": 40.0, "pop_weight": 47778.282974243164, "area_km2": 10.457515864353175, "d_mean_tile": 29.664, "d_median_tile": 14.017, "d_mean_pop": 30.564235411233732, "d_median_pop": 15.54549020877519, "d_p10_pop": 6.1023827941646314, "d_p90_pop": 72.021076540468698, "u_median_pop": 7.9507535893799126, "lat_median_pop": 24.0, "pct_above_bb": 73.556973458710416, "pct_above_hi": 39.125310979699783, "divide_ratio": 11.802123690001624, "pop_total": 487657.78160858154, "pop_covered": 47778.282974243164, "pop_coverage_pct": 9.7975024240651614, "level": "ADM2" }, "geometry": { "type": "Polygon", "coordinates": [ [ [ 29.98284, -1.913378 ], [ 29.98027, -1.911709 ], [ 29.977197, -1.905779 ], [ 29.975671, -1.906166 ], [ 29.975668, -1.909475 ], [ 29.971843, -1.907356 ], [ 29.968828, -1.908881 ], [ 29.965869, -1.907304 ], [ 29.962882, -1.907621 ], [ 29.96217, -1.906468 ], [ 29.9636, -1.903831 ], [ 29.961406, -1.903454 ], [ 29.960317, -1.900599 ], [ 29.956589, -1.900179 ], [ 29.959522, -1.895262 ], [ 29.956542, -1.894364 ], [ 29.953668, -1.891149 ], [ 29.948662, -1.890948 ], [ 29.947789, -1.887144 ], [ 29.94236, -1.88436 ], [ 29.942364, -1.877993 ], [ 29.938123, -1.876542 ], [ 29.933813, -1.877677 ], [ 29.931649, -1.871553 ], [ 29.929102, -1.871553 ], [ 29.926943, -1.867818 ], [ 29.918472, -1.869642 ], [ 29.917998, -1.864417 ], [ 29.91014, -1.857344 ], [ 29.904804, -1.859875 ], [ 29.901475, -1.862689 ], [ 29.892884, -1.862481 ], [ 29.889826, -1.859007 ], [ 29.884394, -1.857368 ], [ 29.879858, -1.854032 ], [ 29.874371, -1.857329 ], [ 29.87204, -1.86164 ], [ 29.864899, -1.863514 ], [ 29.862637, -1.868546 ], [ 29.852563, -1.873297 ], [ 29.848915, -1.871545 ], [ 29.848193, -1.865338 ], [ 29.844374, -1.859217 ], [ 29.841039, -1.857181 ], [ 29.835441, -1.855202 ], [ 29.827834, -1.854879 ], [ 29.823412, -1.856644 ], [ 29.817453, -1.852911 ], [ 29.812206, -1.857283 ], [ 29.812862, -1.862736 ], [ 29.811287, -1.863106 ], [ 29.811825, -1.864803 ], [ 29.810476, -1.866628 ], [ 29.811127, -1.871737 ], [ 29.808655, -1.871875 ], [ 29.807983, -1.875759 ], [ 29.804858, -1.876989 ], [ 29.805024, -1.878704 ], [ 29.802118, -1.881819 ], [ 29.802992, -1.883056 ], [ 29.80121, -1.883793 ], [ 29.801229, -1.887156 ], [ 29.798176, -1.887537 ], [ 29.798381, -1.891208 ], [ 29.796615, -1.892175 ], [ 29.796658, -1.894366 ], [ 29.794592, -1.894825 ], [ 29.793817, -1.899986 ], [ 29.787204, -1.907166 ], [ 29.787038, -1.911469 ], [ 29.784052, -1.912534 ], [ 29.785354, -1.91711 ], [ 29.789339, -1.917818 ], [ 29.792884, -1.930844 ], [ 29.793126, -1.934261 ], [ 29.790786, -1.940074 ], [ 29.791857, -1.946937 ], [ 29.790528, -1.956879 ], [ 29.793032, -1.961328 ], [ 29.79671, -1.963115 ], [ 29.801422, -1.976975 ], [ 29.800654, -1.98202 ], [ 29.798093, -1.984815 ], [ 29.799201, -1.993138 ], [ 29.79706, -1.99557 ], [ 29.797161, -1.998647 ], [ 29.803729, -2.002145 ], [ 29.805357, -2.008428 ], [ 29.807592, -2.011413 ], [ 29.812013, -2.01183 ], [ 29.810198, -2.018018 ], [ 29.801093, -2.019803 ], [ 29.797416, -2.02277 ], [ 29.794759, -2.0285 ], [ 29.790233, -2.03097 ], [ 29.797022, -2.039564 ], [ 29.804568, -2.035846 ], [ 29.804232, -2.037394 ], [ 29.807516, -2.038797 ], [ 29.807799, -2.04302 ], [ 29.805136, -2.046286 ], [ 29.807652, -2.048204 ], [ 29.809106, -2.054684 ], [ 29.815173, -2.059769 ], [ 29.809937, -2.062132 ], [ 29.803386, -2.057506 ], [ 29.797538, -2.061806 ], [ 29.794858, -2.064562 ], [ 29.796347, -2.064804 ], [ 29.79469, -2.066412 ], [ 29.79673, -2.069825 ], [ 29.795188, -2.070914 ], [ 29.795173, -2.074038 ], [ 29.79186, -2.075879 ], [ 29.791283, -2.078316 ], [ 29.792948, -2.083229 ], [ 29.802031, -2.086311 ], [ 29.804429, -2.088491 ], [ 29.80534, -2.095328 ], [ 29.800487, -2.09316 ], [ 29.799732, -2.095257 ], [ 29.79423, -2.096095 ], [ 29.793994, -2.098818 ], [ 29.792768, -2.098476 ], [ 29.792006, -2.100271 ], [ 29.796995, -2.105501 ], [ 29.799439, -2.105337 ], [ 29.800573, -2.110828 ], [ 29.803739, -2.113931 ], [ 29.804436, -2.111929 ], [ 29.80777, -2.111337 ], [ 29.814269, -2.111236 ], [ 29.818748, -2.112979 ], [ 29.822675, -2.111596 ], [ 29.84176, -2.112524 ], [ 29.855322, -2.106732 ], [ 29.857148, -2.107709 ], [ 29.864626, -2.105704 ], [ 29.868735, -2.106506 ], [ 29.885524, -2.100526 ], [ 29.887203, -2.101396 ], [ 29.888764, -2.106323 ], [ 29.887361, -2.109757 ], [ 29.888152, -2.113591 ], [ 29.891734, -2.117169 ], [ 29.894993, -2.125853 ], [ 29.898314, -2.126655 ], [ 29.899186, -2.1293 ], [ 29.906306, -2.135639 ], [ 29.927086, -2.141421 ], [ 29.928773, -2.151864 ], [ 29.959339, -2.199274 ], [ 29.963834, -2.20206 ], [ 29.983381, -2.202538 ], [ 29.984909, -2.200629 ], [ 29.984275, -2.197417 ], [ 29.985922, -2.195756 ], [ 29.985059, -2.193047 ], [ 29.98644, -2.190031 ], [ 29.981658, -2.171254 ], [ 29.983863, -2.166215 ], [ 29.983318, -2.155474 ], [ 29.985394, -2.153736 ], [ 29.986121, -2.146503 ], [ 29.988692, -2.144096 ], [ 29.993766, -2.14556 ], [ 29.998874, -2.140522 ], [ 30.000481, -2.141256 ], [ 30.003341, -2.139066 ], [ 30.009706, -2.131503 ], [ 30.009193, -2.127288 ], [ 30.01128, -2.1218 ], [ 30.014251, -2.118971 ], [ 30.018134, -2.118184 ], [ 30.02081, -2.111764 ], [ 30.019806, -2.108435 ], [ 30.017198, -2.107714 ], [ 30.015635, -2.103942 ], [ 30.015494, -2.100461 ], [ 30.017576, -2.098219 ], [ 30.014863, -2.093468 ], [ 30.017995, -2.08741 ], [ 30.017247, -2.083475 ], [ 30.019346, -2.074183 ], [ 30.016232, -2.075714 ], [ 30.016427, -2.071217 ], [ 30.015012, -2.070238 ], [ 30.013353, -2.072977 ], [ 30.008235, -2.070144 ], [ 30.007246, -2.072985 ], [ 30.005447, -2.073067 ], [ 30.00433, -2.072467 ], [ 30.00512, -2.069633 ], [ 30.00235, -2.066779 ], [ 30.000932, -2.06669 ], [ 30.000027, -2.06997 ], [ 29.997061, -2.066695 ], [ 29.994027, -2.068348 ], [ 29.994196, -2.065288 ], [ 29.991071, -2.065353 ], [ 29.99148, -2.062123 ], [ 29.988911, -2.062469 ], [ 29.987592, -2.057436 ], [ 29.983652, -2.057844 ], [ 29.98723, -2.055361 ], [ 29.985803, -2.053567 ], [ 29.987431, -2.050984 ], [ 29.983363, -2.043679 ], [ 29.986247, -2.04394 ], [ 29.99244, -2.0338 ], [ 29.995543, -2.034411 ], [ 29.997432, -2.030009 ], [ 30.002675, -2.02831 ], [ 30.002139, -2.031493 ], [ 30.008912, -2.028139 ], [ 30.008369, -2.0257 ], [ 30.005201, -2.024075 ], [ 30.005827, -2.019803 ], [ 30.007728, -2.02055 ], [ 30.008231, -2.018206 ], [ 30.011804, -2.017624 ], [ 30.013391, -2.018918 ], [ 30.012977, -2.017119 ], [ 30.015507, -2.012824 ], [ 30.014127, -2.011377 ], [ 30.010348, -2.012982 ], [ 30.007325, -2.009197 ], [ 30.00862, -2.007163 ], [ 30.004469, -2.007657 ], [ 30.005384, -2.005674 ], [ 30.00302, -2.004225 ], [ 30.003556, -2.002016 ], [ 29.999357, -2.000965 ], [ 30.001435, -1.999429 ], [ 30.000881, -1.998438 ], [ 29.995108, -1.997502 ], [ 29.997116, -1.992621 ], [ 29.994443, -1.994053 ], [ 29.992991, -1.993227 ], [ 29.998028, -1.987734 ], [ 29.995539, -1.986032 ], [ 29.995696, -1.983664 ], [ 29.999512, -1.984636 ], [ 30.002264, -1.983356 ], [ 29.99846, -1.975698 ], [ 30.0006, -1.974271 ], [ 29.998074, -1.971217 ], [ 30.00367, -1.969686 ], [ 30.003431, -1.955538 ], [ 30.002074, -1.95491 ], [ 30.000644, -1.957501 ], [ 29.99847, -1.956429 ], [ 30.000049, -1.954969 ], [ 29.998405, -1.94766 ], [ 29.995569, -1.945843 ], [ 29.997792, -1.944819 ], [ 29.998678, -1.94062 ], [ 29.99656, -1.942064 ], [ 29.994954, -1.938365 ], [ 29.994032, -1.940595 ], [ 29.991886, -1.938742 ], [ 29.991764, -1.936295 ], [ 29.987832, -1.933276 ], [ 29.987038, -1.931568 ], [ 29.989897, -1.929722 ], [ 29.985489, -1.929185 ], [ 29.988566, -1.925324 ], [ 29.984928, -1.921348 ], [ 29.98284, -1.913378 ] ] ] } },
{ "type": "Feature", "properties": { "admin_name": "Karongi", "tiles": 5.0, "tests": 15.0, "devices": 8.0, "pop_weight": 4387.4761810302734, "area_km2": 1.8672093166828556, "d_mean_tile": 69.7538, "d_median_tile": 56.746, "d_mean_pop": 86.20416826898267, "d_median_pop": 68.240992761507002, "d_p10_pop": 32.604, "d_p90_pop": 158.944, "u_median_pop": 4.1948406286255615, "lat_median_pop": 19.966826405590499, "pct_above_bb": 100.0, "pct_above_hi": 100.0, "divide_ratio": 4.8749846644583483, "pop_total": 399397.28647470567, "pop_covered": 4736.3797454833984, "pop_coverage_pct": 1.1858818038773429, "level": "ADM2" }, "geometry": { "type": "Polygon", "coordinates": [ [ [ 29.562117, -2.205765 ], [ 29.572839, -2.203568 ], [ 29.576979, -2.197227 ], [ 29.578395, -2.199118 ], [ 29.580251, -2.197536 ], [ 29.585165, -2.201914 ], [ 29.586628, -2.199118 ], [ 29.585236, -2.197024 ], [ 29.587009, -2.193634 ], [ 29.590102, -2.194669 ], [ 29.589733, -2.192027 ], [ 29.593112, -2.191207 ], [ 29.595896, -2.188637 ], [ 29.598383, -2.190481 ], [ 29.603237, -2.191052 ], [ 29.606283, -2.187852 ], [ 29.605331, -2.185222 ], [ 29.609114, -2.180737 ], [ 29.609757, -2.176347 ], [ 29.608805, -2.171612 ], [ 29.606223, -2.171231 ], [ 29.604367, -2.168483 ], [ 29.604093, -2.163759 ], [ 29.605819, -2.162522 ], [ 29.605164, -2.160928 ], [ 29.606473, -2.158608 ], [ 29.604427, -2.158275 ], [ 29.603784, -2.154991 ], [ 29.602356, -2.156431 ], [ 29.59987, -2.155741 ], [ 29.599108, -2.151125 ], [ 29.594552, -2.150661 ], [ 29.596122, -2.146651 ], [ 29.599513, -2.144641 ], [ 29.597871, -2.144177 ], [ 29.597669, -2.138977 ], [ 29.608198, -2.128674 ], [ 29.606092, -2.12639 ], [ 29.608317, -2.125022 ], [ 29.607889, -2.123511 ], [ 29.610411, -2.12181 ], [ 29.610482, -2.118324 ], [ 29.612606, -2.116559 ], [ 29.61933, -2.113639 ], [ 29.617429, -2.109966 ], [ 29.614515, -2.110079 ], [ 29.614798, -2.108436 ], [ 29.612692, -2.107334 ], [ 29.612422, -2.105165 ], [ 29.613623, -2.103369 ], [ 29.614507, -2.107145 ], [ 29.616776, -2.107093 ], [ 29.61749, -2.101965 ], [ 29.61561, -2.098015 ], [ 29.617862, -2.099349 ], [ 29.618874, -2.095779 ], [ 29.62228, -2.095373 ], [ 29.622886, -2.092704 ], [ 29.620107, -2.092816 ], [ 29.619298, -2.090044 ], [ 29.621083, -2.088818 ], [ 29.623105, -2.089794 ], [ 29.624545, -2.085856 ], [ 29.62339, -2.083396 ], [ 29.618036, -2.082671 ], [ 29.610154, -2.072495 ], [ 29.606614, -2.073479 ], [ 29.600867, -2.071863 ], [ 29.592292, -2.074317 ], [ 29.590716, -2.067723 ], [ 29.587272, -2.064456 ], [ 29.587944, -2.061942 ], [ 29.583979, -2.062613 ], [ 29.578081, -2.067635 ], [ 29.574798, -2.065926 ], [ 29.56896, -2.065926 ], [ 29.564103, -2.06343 ], [ 29.558422, -2.063818 ], [ 29.562284, -2.065719 ], [ 29.559962, -2.069434 ], [ 29.558109, -2.067586 ], [ 29.556045, -2.068313 ], [ 29.554288, -2.06564 ], [ 29.551994, -2.06592 ], [ 29.550798, -2.067675 ], [ 29.543731, -2.067229 ], [ 29.541179, -2.070179 ], [ 29.538913, -2.067736 ], [ 29.539793, -2.064223 ], [ 29.536428, -2.062443 ], [ 29.53321, -2.063548 ], [ 29.53223, -2.062353 ], [ 29.531034, -2.063904 ], [ 29.526772, -2.058535 ], [ 29.52055, -2.058657 ], [ 29.51696, -2.056793 ], [ 29.514964, -2.059055 ], [ 29.510794, -2.057485 ], [ 29.507635, -2.059269 ], [ 29.502959, -2.059115 ], [ 29.500458, -2.061008 ], [ 29.501907, -2.063068 ], [ 29.50102, -2.064082 ], [ 29.484721, -2.063365 ], [ 29.479716, -2.058698 ], [ 29.481316, -2.0557 ], [ 29.477295, -2.051215 ], [ 29.467107, -2.046432 ], [ 29.466837, -2.043315 ], [ 29.461983, -2.04367 ], [ 29.46178, -2.041793 ], [ 29.463251, -2.041142 ], [ 29.466469, -2.032727 ], [ 29.460924, -2.029325 ], [ 29.460733, -2.031378 ], [ 29.454971, -2.034998 ], [ 29.451212, -2.043429 ], [ 29.447602, -2.045645 ], [ 29.444582, -2.046882 ], [ 29.442615, -2.044269 ], [ 29.438774, -2.044158 ], [ 29.436513, -2.04246 ], [ 29.435227, -2.043678 ], [ 29.431964, -2.042964 ], [ 29.430666, -2.047224 ], [ 29.426999, -2.046098 ], [ 29.425374, -2.042062 ], [ 29.42253, -2.041859 ], [ 29.422355, -2.043735 ], [ 29.420074, -2.042939 ], [ 29.417516, -2.037934 ], [ 29.413028, -2.03666 ], [ 29.411485, -2.038128 ], [ 29.411328, -2.031987 ], [ 29.40785, -2.031728 ], [ 29.407274, -2.033954 ], [ 29.402583, -2.031544 ], [ 29.399924, -2.03231 ], [ 29.398964, -2.030436 ], [ 29.39467, -2.03662 ], [ 29.393522, -2.03294 ], [ 29.389519, -2.034148 ], [ 29.387823, -2.030472 ], [ 29.380394, -2.029419 ], [ 29.379647, -2.028047 ], [ 29.382052, -2.025323 ], [ 29.376568, -2.025495 ], [ 29.374277, -2.023818 ], [ 29.368324, -2.028635 ], [ 29.360579, -2.027022 ], [ 29.354497, -2.030127 ], [ 29.159635, -2.029899 ], [ 29.169008, -2.066587 ], [ 29.174362, -2.10492 ], [ 29.173958, -2.127477 ], [ 29.167789, -2.147084 ], [ 29.246822, -2.146485 ], [ 29.263469, -2.15656 ], [ 29.267193, -2.160502 ], [ 29.280774, -2.18109 ], [ 29.282307, -2.184814 ], [ 29.280993, -2.187661 ], [ 29.282228, -2.188803 ], [ 29.290224, -2.198964 ], [ 29.289098, -2.202349 ], [ 29.291074, -2.203817 ], [ 29.293647, -2.201256 ], [ 29.296447, -2.208779 ], [ 29.302345, -2.209285 ], [ 29.304919, -2.214676 ], [ 29.309724, -2.212077 ], [ 29.311867, -2.212369 ], [ 29.313429, -2.214688 ], [ 29.315589, -2.214008 ], [ 29.315275, -2.216988 ], [ 29.311062, -2.216723 ], [ 29.308881, -2.224961 ], [ 29.30647, -2.226158 ], [ 29.306732, -2.228839 ], [ 29.30408, -2.232249 ], [ 29.305706, -2.234508 ], [ 29.311365, -2.237343 ], [ 29.312382, -2.240307 ], [ 29.311034, -2.242903 ], [ 29.314663, -2.244519 ], [ 29.311839, -2.248356 ], [ 29.313312, -2.253401 ], [ 29.311781, -2.263485 ], [ 29.315802, -2.274375 ], [ 29.317919, -2.275627 ], [ 29.314902, -2.277525 ], [ 29.313653, -2.280726 ], [ 29.310322, -2.28207 ], [ 29.309129, -2.284923 ], [ 29.305596, -2.284295 ], [ 29.305007, -2.288544 ], [ 29.306305, -2.290813 ], [ 29.311021, -2.292851 ], [ 29.30885, -2.299503 ], [ 29.31484, -2.304154 ], [ 29.320823, -2.306105 ], [ 29.321546, -2.312445 ], [ 29.322843, -2.315243 ], [ 29.325146, -2.316006 ], [ 29.322918, -2.317019 ], [ 29.321717, -2.318137 ], [ 29.320008, -2.320928 ], [ 29.321399, -2.323076 ], [ 29.324582, -2.324429 ], [ 29.321345, -2.322858 ], [ 29.320615, -2.319978 ], [ 29.323188, -2.316907 ], [ 29.325761, -2.315908 ], [ 29.328064, -2.315755 ], [ 29.331789, -2.306655 ], [ 29.338393, -2.298668 ], [ 29.343943, -2.295192 ], [ 29.344148, -2.29257 ], [ 29.347733, -2.291642 ], [ 29.364017, -2.293186 ], [ 29.367948, -2.290944 ], [ 29.371096, -2.293247 ], [ 29.37459, -2.290368 ], [ 29.379927, -2.290214 ], [ 29.381924, -2.29079 ], [ 29.384001, -2.296396 ], [ 29.382819, -2.298642 ], [ 29.386348, -2.29805 ], [ 29.40282, -2.276882 ], [ 29.405074, -2.276101 ], [ 29.408644, -2.278678 ], [ 29.41275, -2.274651 ], [ 29.418042, -2.273232 ], [ 29.421412, -2.267061 ], [ 29.426554, -2.268496 ], [ 29.433911, -2.273891 ], [ 29.440352, -2.274067 ], [ 29.441569, -2.275988 ], [ 29.4449, -2.273604 ], [ 29.449048, -2.273453 ], [ 29.447726, -2.271342 ], [ 29.450664, -2.270555 ], [ 29.452379, -2.271633 ], [ 29.453663, -2.269591 ], [ 29.458729, -2.2675 ], [ 29.461153, -2.271829 ], [ 29.467459, -2.271865 ], [ 29.469552, -2.273741 ], [ 29.471407, -2.27098 ], [ 29.472527, -2.272175 ], [ 29.474775, -2.267766 ], [ 29.473495, -2.265975 ], [ 29.474952, -2.260833 ], [ 29.477607, -2.259837 ], [ 29.478529, -2.257481 ], [ 29.481697, -2.256982 ], [ 29.48551, -2.251606 ], [ 29.489964, -2.249931 ], [ 29.494031, -2.240956 ], [ 29.49713, -2.24042 ], [ 29.499372, -2.243072 ], [ 29.501052, -2.239697 ], [ 29.506367, -2.238104 ], [ 29.509349, -2.234614 ], [ 29.510258, -2.236015 ], [ 29.514619, -2.236583 ], [ 29.516556, -2.230509 ], [ 29.51702, -2.232458 ], [ 29.519474, -2.233769 ], [ 29.517736, -2.22954 ], [ 29.519628, -2.226643 ], [ 29.523173, -2.227624 ], [ 29.524243, -2.224542 ], [ 29.527052, -2.225364 ], [ 29.526703, -2.223531 ], [ 29.530497, -2.222909 ], [ 29.53012, -2.221379 ], [ 29.532284, -2.220164 ], [ 29.532285, -2.218506 ], [ 29.539266, -2.214793 ], [ 29.541565, -2.210834 ], [ 29.542699, -2.212784 ], [ 29.544115, -2.210913 ], [ 29.545166, -2.212188 ], [ 29.548227, -2.211728 ], [ 29.544667, -2.207886 ], [ 29.546131, -2.207198 ], [ 29.547902, -2.208761 ], [ 29.549443, -2.207494 ], [ 29.547641, -2.204621 ], [ 29.54851, -2.203455 ], [ 29.550109, -2.203972 ], [ 29.551347, -2.199827 ], [ 29.558055, -2.200208 ], [ 29.560031, -2.205198 ], [ 29.562117, -2.205765 ] ] ] } },
{ "type": "Feature", "properties": { "admin_name": "Rutsiro", "tiles": 2.0, "tests": 2.0, "devices": 2.0, "pop_weight": 920.54071044921875, "area_km2": 0.74690724837637423, "d_mean_tile": 34.0705, "d_median_tile": 34.0705, "d_mean_pop": 43.102, "d_median_pop": 43.102, "d_p10_pop": 43.102, "d_p90_pop": 43.102, "u_median_pop": 27.642, "lat_median_pop": 18.0, "pct_above_bb": 100.0, "pct_above_hi": 100.0, "divide_ratio": 1.0, "pop_total": 398554.27059072373, "pop_covered": 920.54071044921875, "pop_coverage_pct": 0.23096997783634943, "level": "ADM2" }, "geometry": { "type": "Polygon", "coordinates": [ [ [ 29.558422, -2.063818 ], [ 29.555712, -2.062263 ], [ 29.55472, -2.059162 ], [ 29.548898, -2.062613 ], [ 29.544898, -2.059372 ], [ 29.53963, -2.059343 ], [ 29.537935, -2.055733 ], [ 29.538445, -2.05192 ], [ 29.541632, -2.046433 ], [ 29.549283, -2.040056 ], [ 29.545046, -2.03174 ], [ 29.547398, -2.031197 ], [ 29.54979, -2.027113 ], [ 29.550127, -2.02807 ], [ 29.557962, -2.02627 ], [ 29.560105, -2.027677 ], [ 29.563225, -2.027022 ], [ 29.565621, -2.024976 ], [ 29.564378, -2.021448 ], [ 29.559708, -2.018718 ], [ 29.552569, -2.017463 ], [ 29.547579, -2.010949 ], [ 29.535844, -2.00591 ], [ 29.531267, -1.997143 ], [ 29.519542, -1.983448 ], [ 29.517047, -1.983328 ], [ 29.516831, -1.980412 ], [ 29.515015, -1.979235 ], [ 29.515301, -1.976012 ], [ 29.524248, -1.975923 ], [ 29.524379, -1.97396 ], [ 29.526538, -1.972936 ], [ 29.52539, -1.971033 ], [ 29.5284, -1.970248 ], [ 29.527782, -1.966423 ], [ 29.528769, -1.966333 ], [ 29.527038, -1.965388 ], [ 29.528097, -1.963609 ], [ 29.527002, -1.962074 ], [ 29.533115, -1.954356 ], [ 29.529058, -1.952227 ], [ 29.528784, -1.950799 ], [ 29.525274, -1.951227 ], [ 29.514543, -1.94137 ], [ 29.514918, -1.937355 ], [ 29.508202, -1.932745 ], [ 29.508993, -1.930621 ], [ 29.506471, -1.930687 ], [ 29.508368, -1.927326 ], [ 29.505834, -1.926076 ], [ 29.50418, -1.926881 ], [ 29.500915, -1.922495 ], [ 29.495715, -1.923102 ], [ 29.491849, -1.918117 ], [ 29.490171, -1.919331 ], [ 29.483759, -1.915012 ], [ 29.480576, -1.917373 ], [ 29.479624, -1.916505 ], [ 29.480868, -1.915767 ], [ 29.478928, -1.91403 ], [ 29.479137, -1.909605 ], [ 29.471945, -1.902032 ], [ 29.472724, -1.899801 ], [ 29.471249, -1.899147 ], [ 29.47229, -1.898207 ], [ 29.471504, -1.89503 ], [ 29.466603, -1.89114 ], [ 29.466615, -1.887791 ], [ 29.468661, -1.88578 ], [ 29.467204, -1.882746 ], [ 29.461618, -1.880426 ], [ 29.461731, -1.875412 ], [ 29.458096, -1.872699 ], [ 29.45932, -1.866663 ], [ 29.457128, -1.861032 ], [ 29.46208, -1.854892 ], [ 29.461618, -1.850064 ], [ 29.463021, -1.846516 ], [ 29.459478, -1.843967 ], [ 29.453565, -1.843767 ], [ 29.446936, -1.838237 ], [ 29.439282, -1.836663 ], [ 29.436742, -1.831491 ], [ 29.433894, -1.830225 ], [ 29.429671, -1.816467 ], [ 29.425449, -1.814877 ], [ 29.422776, -1.811554 ], [ 29.418154, -1.812103 ], [ 29.415206, -1.80898 ], [ 29.414148, -1.804258 ], [ 29.415022, -1.802809 ], [ 29.413698, -1.801527 ], [ 29.410583, -1.800827 ], [ 29.408505, -1.802918 ], [ 29.404812, -1.802884 ], [ 29.403521, -1.79932 ], [ 29.401148, -1.800277 ], [ 29.398175, -1.797979 ], [ 29.398974, -1.796014 ], [ 29.404728, -1.793479 ], [ 29.409721, -1.793696 ], [ 29.410654, -1.791612 ], [ 29.414186, -1.792005 ], [ 29.416039, -1.794805 ], [ 29.418421, -1.794589 ], [ 29.424266, -1.78643 ], [ 29.4326, -1.77953 ], [ 29.436402, -1.779273 ], [ 29.440014, -1.775809 ], [ 29.444486, -1.775675 ], [ 29.446701, -1.777619 ], [ 29.44712, -1.773387 ], [ 29.44553, -1.771106 ], [ 29.448244, -1.765664 ], [ 29.448046, -1.761449 ], [ 29.444522, -1.75619 ], [ 29.444889, -1.75254 ], [ 29.437253, -1.747914 ], [ 29.434855, -1.738637 ], [ 29.43177, -1.73891 ], [ 29.429739, -1.73736 ], [ 29.427542, -1.738283 ], [ 29.423904, -1.735516 ], [ 29.423532, -1.736508 ], [ 29.421903, -1.734734 ], [ 29.420434, -1.735204 ], [ 29.419896, -1.732659 ], [ 29.42122, -1.730618 ], [ 29.419896, -1.729533 ], [ 29.413349, -1.731312 ], [ 29.408657, -1.729425 ], [ 29.40697, -1.730119 ], [ 29.39986, -1.738206 ], [ 29.382549, -1.734259 ], [ 29.381747, -1.735378 ], [ 29.379294, -1.734309 ], [ 29.372201, -1.735954 ], [ 29.373007, -1.740182 ], [ 29.371353, -1.742436 ], [ 29.371733, -1.744371 ], [ 29.369767, -1.74587 ], [ 29.371358, -1.748535 ], [ 29.370417, -1.750775 ], [ 29.366224, -1.752356 ], [ 29.358477, -1.750517 ], [ 29.355116, -1.747428 ], [ 29.350555, -1.751334 ], [ 29.344917, -1.750408 ], [ 29.342916, -1.749342 ], [ 29.342953, -1.746528 ], [ 29.341348, -1.745803 ], [ 29.336408, -1.74691 ], [ 29.334003, -1.744713 ], [ 29.330815, -1.745864 ], [ 29.328813, -1.744033 ], [ 29.323524, -1.743654 ], [ 29.321732, -1.741384 ], [ 29.31065, -1.737784 ], [ 29.30796, -1.741494 ], [ 29.304248, -1.742814 ], [ 29.304384, -1.744485 ], [ 29.30016, -1.748622 ], [ 29.301523, -1.751362 ], [ 29.29868, -1.755692 ], [ 29.301543, -1.763587 ], [ 29.3008, -1.767549 ], [ 29.298952, -1.769176 ], [ 29.297323, -1.767534 ], [ 29.287973, -1.770875 ], [ 29.287935, -1.770672 ], [ 29.279596, -1.773509 ], [ 29.268398, -1.772417 ], [ 29.190476, -1.772356 ], [ 29.154113, -1.822216 ], [ 29.145285, -1.836469 ], [ 29.133649, -1.867854 ], [ 29.127891, -1.900286 ], [ 29.126403, -1.929765 ], [ 29.127838, -1.938357 ], [ 29.159635, -2.029899 ], [ 29.354497, -2.030127 ], [ 29.360579, -2.027022 ], [ 29.368324, -2.028635 ], [ 29.374277, -2.023818 ], [ 29.376568, -2.025495 ], [ 29.382052, -2.025323 ], [ 29.379647, -2.028047 ], [ 29.380394, -2.029419 ], [ 29.387823, -2.030472 ], [ 29.389519, -2.034148 ], [ 29.393522, -2.03294 ], [ 29.39467, -2.03662 ], [ 29.398964, -2.030436 ], [ 29.399924, -2.03231 ], [ 29.402583, -2.031544 ], [ 29.407274, -2.033954 ], [ 29.40785, -2.031728 ], [ 29.411328, -2.031987 ], [ 29.411485, -2.038128 ], [ 29.413028, -2.03666 ], [ 29.417516, -2.037934 ], [ 29.420074, -2.042939 ], [ 29.422355, -2.043735 ], [ 29.42253, -2.041859 ], [ 29.425374, -2.042062 ], [ 29.426999, -2.046098 ], [ 29.430666, -2.047224 ], [ 29.431964, -2.042964 ], [ 29.435227, -2.043678 ], [ 29.436513, -2.04246 ], [ 29.438774, -2.044158 ], [ 29.442615, -2.044269 ], [ 29.444582, -2.046882 ], [ 29.447602, -2.045645 ], [ 29.451212, -2.043429 ], [ 29.454971, -2.034998 ], [ 29.460733, -2.031378 ], [ 29.460924, -2.029325 ], [ 29.466469, -2.032727 ], [ 29.463251, -2.041142 ], [ 29.46178, -2.041793 ], [ 29.461983, -2.04367 ], [ 29.466837, -2.043315 ], [ 29.467107, -2.046432 ], [ 29.477295, -2.051215 ], [ 29.481316, -2.0557 ], [ 29.479716, -2.058698 ], [ 29.484721, -2.063365 ], [ 29.50102, -2.064082 ], [ 29.501907, -2.063068 ], [ 29.500458, -2.061008 ], [ 29.502959, -2.059115 ], [ 29.507635, -2.059269 ], [ 29.510794, -2.057485 ], [ 29.514964, -2.059055 ], [ 29.51696, -2.056793 ], [ 29.52055, -2.058657 ], [ 29.526772, -2.058535 ], [ 29.531034, -2.063904 ], [ 29.53223, -2.062353 ], [ 29.53321, -2.063548 ], [ 29.536428, -2.062443 ], [ 29.539793, -2.064223 ], [ 29.538913, -2.067736 ], [ 29.541179, -2.070179 ], [ 29.543731, -2.067229 ], [ 29.550798, -2.067675 ], [ 29.551994, -2.06592 ], [ 29.554288, -2.06564 ], [ 29.556045, -2.068313 ], [ 29.558109, -2.067586 ], [ 29.559962, -2.069434 ], [ 29.562284, -2.065719 ], [ 29.558422, -2.063818 ] ] ] } },
{ "type": "Feature", "properties": { "admin_name": "Rubavu", "tiles": 26.0, "tests": 57.0, "devices": 34.0, "pop_weight": 101685.36892700195, "area_km2": 9.7137670011100958, "d_mean_tile": 39.900615384615385, "d_median_tile": 18.374, "d_mean_pop": 53.404192352855453, "d_median_pop": 19.696103400566169, "d_p10_pop": 6.6686810361837425, "d_p90_pop": 140.25504481557815, "u_median_pop": 13.569979665423354, "lat_median_pop": 21.0, "pct_above_bb": 88.734545860044832, "pct_above_hi": 46.896891463159449, "divide_ratio": 21.031901819050159, "pop_total": 604719.14115589857, "pop_covered": 101685.36892700195, "pop_coverage_pct": 16.815305156809504, "level": "ADM2" }, "geometry": { "type": "Polygon", "coordinates": [ [ [ 29.419896, -1.729533 ], [ 29.420839, -1.726585 ], [ 29.42277, -1.725583 ], [ 29.421521, -1.72193 ], [ 29.42341, -1.717076 ], [ 29.426371, -1.714842 ], [ 29.429891, -1.715993 ], [ 29.434903, -1.714789 ], [ 29.434445, -1.711695 ], [ 29.435661, -1.710189 ], [ 29.43307, -1.707123 ], [ 29.432445, -1.703684 ], [ 29.437181, -1.692619 ], [ 29.430993, -1.687749 ], [ 29.426622, -1.688395 ], [ 29.417436, -1.685794 ], [ 29.41472, -1.687397 ], [ 29.411127, -1.685992 ], [ 29.407931, -1.680798 ], [ 29.402729, -1.680536 ], [ 29.400506, -1.682041 ], [ 29.398655, -1.680148 ], [ 29.400785, -1.67305 ], [ 29.399451, -1.667547 ], [ 29.401466, -1.665015 ], [ 29.398965, -1.659399 ], [ 29.400652, -1.65855 ], [ 29.401906, -1.653802 ], [ 29.402229, -1.642921 ], [ 29.40086, -1.638479 ], [ 29.418803, -1.629341 ], [ 29.411845, -1.618952 ], [ 29.417279, -1.617463 ], [ 29.413081, -1.60957 ], [ 29.415612, -1.607326 ], [ 29.403701, -1.598654 ], [ 29.403284, -1.584705 ], [ 29.401436, -1.577356 ], [ 29.406008, -1.569639 ], [ 29.398912, -1.564721 ], [ 29.395693, -1.559343 ], [ 29.38827, -1.559572 ], [ 29.388164, -1.561949 ], [ 29.380962, -1.562167 ], [ 29.380761, -1.553054 ], [ 29.38432, -1.552762 ], [ 29.384333, -1.549894 ], [ 29.398685, -1.549042 ], [ 29.397538, -1.507892 ], [ 29.361649, -1.509198 ], [ 29.353488, -1.536966 ], [ 29.336879, -1.547555 ], [ 29.327909, -1.565758 ], [ 29.326386, -1.574824 ], [ 29.320532, -1.580606 ], [ 29.310372, -1.599974 ], [ 29.29907, -1.60628 ], [ 29.293644, -1.61468 ], [ 29.268494, -1.629004 ], [ 29.261546, -1.648254 ], [ 29.256406, -1.658319 ], [ 29.250576, -1.663744 ], [ 29.242867, -1.668075 ], [ 29.244366, -1.675951 ], [ 29.245186, -1.695059 ], [ 29.244271, -1.698841 ], [ 29.190476, -1.772356 ], [ 29.268398, -1.772417 ], [ 29.279596, -1.773509 ], [ 29.287935, -1.770672 ], [ 29.287973, -1.770875 ], [ 29.297323, -1.767534 ], [ 29.298952, -1.769176 ], [ 29.3008, -1.767549 ], [ 29.301543, -1.763587 ], [ 29.29868, -1.755692 ], [ 29.301523, -1.751362 ], [ 29.30016, -1.748622 ], [ 29.304384, -1.744485 ], [ 29.304248, -1.742814 ], [ 29.30796, -1.741494 ], [ 29.31065, -1.737784 ], [ 29.321732, -1.741384 ], [ 29.323524, -1.743654 ], [ 29.328813, -1.744033 ], [ 29.330815, -1.745864 ], [ 29.334003, -1.744713 ], [ 29.336408, -1.74691 ], [ 29.341348, -1.745803 ], [ 29.342953, -1.746528 ], [ 29.342916, -1.749342 ], [ 29.344917, -1.750408 ], [ 29.350555, -1.751334 ], [ 29.355116, -1.747428 ], [ 29.358477, -1.750517 ], [ 29.366224, -1.752356 ], [ 29.370417, -1.750775 ], [ 29.371358, -1.748535 ], [ 29.369767, -1.74587 ], [ 29.371733, -1.744371 ], [ 29.371353, -1.742436 ], [ 29.373007, -1.740182 ], [ 29.372201, -1.735954 ], [ 29.379294, -1.734309 ], [ 29.381747, -1.735378 ], [ 29.382549, -1.734259 ], [ 29.39986, -1.738206 ], [ 29.40697, -1.730119 ], [ 29.408657, -1.729425 ], [ 29.413349, -1.731312 ], [ 29.419896, -1.729533 ] ] ] } },
{ "type": "Feature", "properties": { "admin_name": "Nyabihu", "tiles": 11.0, "tests": 39.0, "devices": 11.0, "pop_weight": 15989.89714050293, "area_km2": 4.109832955463661, "d_mean_tile": 52.154636363636364, "d_median_tile": 16.59, "d_mean_pop": 33.133980929558227, "d_median_pop": 16.085667346155841, "d_p10_pop": 0.49099012805576264, "d_p90_pop": 123.86429934275134, "u_median_pop": 5.0386885432281563, "lat_median_pop": 20.0, "pct_above_bb": 67.311223534024336, "pct_above_hi": 34.305056201950421, "divide_ratio": 252.27452094247371, "pop_total": 345269.09387219272, "pop_covered": 15989.89714050293, "pop_coverage_pct": 4.6311405869480646, "level": "ADM2" }, "geometry": { "type": "Polygon", "coordinates": [ [ [ 29.434855, -1.738637 ], [ 29.440218, -1.73533 ], [ 29.445905, -1.736772 ], [ 29.452009, -1.735584 ], [ 29.456228, -1.738933 ], [ 29.452552, -1.747297 ], [ 29.456644, -1.746655 ], [ 29.462248, -1.752663 ], [ 29.462528, -1.764094 ], [ 29.470488, -1.766996 ], [ 29.487864, -1.766951 ], [ 29.494815, -1.771435 ], [ 29.503101, -1.770101 ], [ 29.507603, -1.776997 ], [ 29.511575, -1.774206 ], [ 29.514829, -1.767492 ], [ 29.518619, -1.765962 ], [ 29.519145, -1.762484 ], [ 29.522204, -1.759462 ], [ 29.521588, -1.757697 ], [ 29.523615, -1.756672 ], [ 29.523765, -1.750936 ], [ 29.526863, -1.750744 ], [ 29.527833, -1.752122 ], [ 29.530415, -1.751234 ], [ 29.532558, -1.749183 ], [ 29.533262, -1.744815 ], [ 29.536661, -1.743784 ], [ 29.538161, -1.740824 ], [ 29.539902, -1.740577 ], [ 29.546964, -1.74697 ], [ 29.55424, -1.748248 ], [ 29.562401, -1.746712 ], [ 29.570922, -1.741507 ], [ 29.57482, -1.740956 ], [ 29.587246, -1.746892 ], [ 29.608196, -1.747243 ], [ 29.610706, -1.742919 ], [ 29.615947, -1.743461 ], [ 29.616407, -1.74103 ], [ 29.618065, -1.740184 ], [ 29.616462, -1.736537 ], [ 29.617033, -1.734659 ], [ 29.623324, -1.732354 ], [ 29.628107, -1.726652 ], [ 29.633714, -1.725323 ], [ 29.638734, -1.722055 ], [ 29.635589, -1.719354 ], [ 29.635414, -1.71554 ], [ 29.634206, -1.714641 ], [ 29.634648, -1.700208 ], [ 29.632457, -1.698626 ], [ 29.633973, -1.694928 ], [ 29.63703, -1.694662 ], [ 29.640003, -1.676648 ], [ 29.63862, -1.671593 ], [ 29.63957, -1.667628 ], [ 29.638404, -1.658284 ], [ 29.636139, -1.653296 ], [ 29.633907, -1.653487 ], [ 29.63434, -1.649581 ], [ 29.633215, -1.649073 ], [ 29.634315, -1.643036 ], [ 29.633407, -1.638488 ], [ 29.635989, -1.632126 ], [ 29.63404, -1.629028 ], [ 29.63344, -1.619151 ], [ 29.634898, -1.611539 ], [ 29.63314, -1.608882 ], [ 29.636455, -1.603344 ], [ 29.635539, -1.597447 ], [ 29.638545, -1.592284 ], [ 29.63244, -1.5904 ], [ 29.629208, -1.591192 ], [ 29.624477, -1.584994 ], [ 29.618196, -1.588353 ], [ 29.613731, -1.588028 ], [ 29.612382, -1.589226 ], [ 29.607795, -1.587652 ], [ 29.595978, -1.593427 ], [ 29.590445, -1.59117 ], [ 29.585628, -1.592005 ], [ 29.584719, -1.589036 ], [ 29.574364, -1.586137 ], [ 29.573318, -1.584254 ], [ 29.570126, -1.583523 ], [ 29.567867, -1.577864 ], [ 29.559238, -1.569916 ], [ 29.555847, -1.572808 ], [ 29.556509, -1.575771 ], [ 29.553218, -1.576384 ], [ 29.550913, -1.573177 ], [ 29.55024, -1.568996 ], [ 29.54848, -1.567869 ], [ 29.545463, -1.571441 ], [ 29.540153, -1.571223 ], [ 29.538278, -1.574599 ], [ 29.534857, -1.571227 ], [ 29.528132, -1.572047 ], [ 29.507951, -1.562245 ], [ 29.507048, -1.563986 ], [ 29.499165, -1.563662 ], [ 29.483895, -1.549244 ], [ 29.450002, -1.506018 ], [ 29.397538, -1.507892 ], [ 29.398685, -1.549042 ], [ 29.384333, -1.549894 ], [ 29.38432, -1.552762 ], [ 29.380761, -1.553054 ], [ 29.380962, -1.562167 ], [ 29.388164, -1.561949 ], [ 29.38827, -1.559572 ], [ 29.395693, -1.559343 ], [ 29.398912, -1.564721 ], [ 29.406008, -1.569639 ], [ 29.401436, -1.577356 ], [ 29.403284, -1.584705 ], [ 29.403701, -1.598654 ], [ 29.415612, -1.607326 ], [ 29.413081, -1.60957 ], [ 29.417279, -1.617463 ], [ 29.411845, -1.618952 ], [ 29.418803, -1.629341 ], [ 29.40086, -1.638479 ], [ 29.402229, -1.642921 ], [ 29.401906, -1.653802 ], [ 29.400652, -1.65855 ], [ 29.398965, -1.659399 ], [ 29.401466, -1.665015 ], [ 29.399451, -1.667547 ], [ 29.400785, -1.67305 ], [ 29.398655, -1.680148 ], [ 29.400506, -1.682041 ], [ 29.402729, -1.680536 ], [ 29.407931, -1.680798 ], [ 29.411127, -1.685992 ], [ 29.41472, -1.687397 ], [ 29.417436, -1.685794 ], [ 29.426622, -1.688395 ], [ 29.430993, -1.687749 ], [ 29.437181, -1.692619 ], [ 29.432445, -1.703684 ], [ 29.43307, -1.707123 ], [ 29.435661, -1.710189 ], [ 29.434445, -1.711695 ], [ 29.434903, -1.714789 ], [ 29.429891, -1.715993 ], [ 29.426371, -1.714842 ], [ 29.42341, -1.717076 ], [ 29.421521, -1.72193 ], [ 29.42277, -1.725583 ], [ 29.420839, -1.726585 ], [ 29.419896, -1.729533 ], [ 29.42122, -1.730618 ], [ 29.419896, -1.732659 ], [ 29.420434, -1.735204 ], [ 29.421903, -1.734734 ], [ 29.423532, -1.736508 ], [ 29.423904, -1.735516 ], [ 29.427542, -1.738283 ], [ 29.429739, -1.73736 ], [ 29.43177, -1.73891 ], [ 29.434855, -1.738637 ] ] ] } },
{ "type": "Feature", "properties": { "admin_name": "Ngororero", "tiles": 5.0, "tests": 28.0, "devices": 5.0, "pop_weight": 5846.654541015625, "area_km2": 1.8676359774316251, "d_mean_tile": 24.717, "d_median_tile": 23.499, "d_mean_pop": 19.122132497229298, "d_median_pop": 20.880703633273775, "d_p10_pop": 9.73, "d_p90_pop": 35.128856191342059, "u_median_pop": 3.47955428739641, "lat_median_pop": 39.006966441420353, "pct_above_bb": 58.533102092430077, "pct_above_hi": 28.007962452819967, "divide_ratio": 3.6103654872910647, "pop_total": 395484.78851455997, "pop_covered": 5497.7509765625, "pop_coverage_pct": 1.3901295666040763, "level": "ADM2" }, "geometry": { "type": "Polygon", "coordinates": [ [ [ 29.658871, -1.734995 ], [ 29.653811, -1.734853 ], [ 29.65212, -1.729998 ], [ 29.649189, -1.726858 ], [ 29.640136, -1.724609 ], [ 29.638734, -1.722055 ], [ 29.633714, -1.725323 ], [ 29.628107, -1.726652 ], [ 29.623324, -1.732354 ], [ 29.617033, -1.734659 ], [ 29.616462, -1.736537 ], [ 29.618065, -1.740184 ], [ 29.616407, -1.74103 ], [ 29.615947, -1.743461 ], [ 29.610706, -1.742919 ], [ 29.608196, -1.747243 ], [ 29.587246, -1.746892 ], [ 29.57482, -1.740956 ], [ 29.570922, -1.741507 ], [ 29.562401, -1.746712 ], [ 29.55424, -1.748248 ], [ 29.546964, -1.74697 ], [ 29.539902, -1.740577 ], [ 29.538161, -1.740824 ], [ 29.536661, -1.743784 ], [ 29.533262, -1.744815 ], [ 29.532558, -1.749183 ], [ 29.530415, -1.751234 ], [ 29.527833, -1.752122 ], [ 29.526863, -1.750744 ], [ 29.523765, -1.750936 ], [ 29.523615, -1.756672 ], [ 29.521588, -1.757697 ], [ 29.522204, -1.759462 ], [ 29.519145, -1.762484 ], [ 29.518619, -1.765962 ], [ 29.514829, -1.767492 ], [ 29.511575, -1.774206 ], [ 29.507603, -1.776997 ], [ 29.503101, -1.770101 ], [ 29.494815, -1.771435 ], [ 29.487864, -1.766951 ], [ 29.470488, -1.766996 ], [ 29.462528, -1.764094 ], [ 29.462248, -1.752663 ], [ 29.456644, -1.746655 ], [ 29.452552, -1.747297 ], [ 29.456228, -1.738933 ], [ 29.452009, -1.735584 ], [ 29.445905, -1.736772 ], [ 29.440218, -1.73533 ], [ 29.434855, -1.738637 ], [ 29.437253, -1.747914 ], [ 29.444889, -1.75254 ], [ 29.444522, -1.75619 ], [ 29.448046, -1.761449 ], [ 29.448244, -1.765664 ], [ 29.44553, -1.771106 ], [ 29.44712, -1.773387 ], [ 29.446701, -1.777619 ], [ 29.444486, -1.775675 ], [ 29.440014, -1.775809 ], [ 29.436402, -1.779273 ], [ 29.4326, -1.77953 ], [ 29.424266, -1.78643 ], [ 29.418421, -1.794589 ], [ 29.416039, -1.794805 ], [ 29.414186, -1.792005 ], [ 29.410654, -1.791612 ], [ 29.409721, -1.793696 ], [ 29.404728, -1.793479 ], [ 29.398974, -1.796014 ], [ 29.398175, -1.797979 ], [ 29.401148, -1.800277 ], [ 29.403521, -1.79932 ], [ 29.404812, -1.802884 ], [ 29.408505, -1.802918 ], [ 29.410583, -1.800827 ], [ 29.413698, -1.801527 ], [ 29.415022, -1.802809 ], [ 29.414148, -1.804258 ], [ 29.415206, -1.80898 ], [ 29.418154, -1.812103 ], [ 29.422776, -1.811554 ], [ 29.425449, -1.814877 ], [ 29.429671, -1.816467 ], [ 29.433894, -1.830225 ], [ 29.436742, -1.831491 ], [ 29.439282, -1.836663 ], [ 29.446936, -1.838237 ], [ 29.453565, -1.843767 ], [ 29.459478, -1.843967 ], [ 29.463021, -1.846516 ], [ 29.461618, -1.850064 ], [ 29.46208, -1.854892 ], [ 29.457128, -1.861032 ], [ 29.45932, -1.866663 ], [ 29.458096, -1.872699 ], [ 29.461731, -1.875412 ], [ 29.461618, -1.880426 ], [ 29.467204, -1.882746 ], [ 29.468661, -1.88578 ], [ 29.466615, -1.887791 ], [ 29.466603, -1.89114 ], [ 29.471504, -1.89503 ], [ 29.47229, -1.898207 ], [ 29.471249, -1.899147 ], [ 29.472724, -1.899801 ], [ 29.471945, -1.902032 ], [ 29.479137, -1.909605 ], [ 29.478928, -1.91403 ], [ 29.480868, -1.915767 ], [ 29.479624, -1.916505 ], [ 29.480576, -1.917373 ], [ 29.483759, -1.915012 ], [ 29.490171, -1.919331 ], [ 29.491849, -1.918117 ], [ 29.495715, -1.923102 ], [ 29.500915, -1.922495 ], [ 29.50418, -1.926881 ], [ 29.505834, -1.926076 ], [ 29.508368, -1.927326 ], [ 29.506471, -1.930687 ], [ 29.508993, -1.930621 ], [ 29.508202, -1.932745 ], [ 29.514918, -1.937355 ], [ 29.514543, -1.94137 ], [ 29.525274, -1.951227 ], [ 29.528784, -1.950799 ], [ 29.529058, -1.952227 ], [ 29.533115, -1.954356 ], [ 29.527002, -1.962074 ], [ 29.528097, -1.963609 ], [ 29.527038, -1.965388 ], [ 29.528769, -1.966333 ], [ 29.527782, -1.966423 ], [ 29.5284, -1.970248 ], [ 29.52539, -1.971033 ], [ 29.526538, -1.972936 ], [ 29.524379, -1.97396 ], [ 29.524248, -1.975923 ], [ 29.515301, -1.976012 ], [ 29.515015, -1.979235 ], [ 29.516831, -1.980412 ], [ 29.517047, -1.983328 ], [ 29.519542, -1.983448 ], [ 29.531267, -1.997143 ], [ 29.535844, -2.00591 ], [ 29.547579, -2.010949 ], [ 29.552569, -2.017463 ], [ 29.559708, -2.018718 ], [ 29.564378, -2.021448 ], [ 29.565621, -2.024976 ], [ 29.563225, -2.027022 ], [ 29.560105, -2.027677 ], [ 29.557962, -2.02627 ], [ 29.550127, -2.02807 ], [ 29.54979, -2.027113 ], [ 29.547398, -2.031197 ], [ 29.545046, -2.03174 ], [ 29.549283, -2.040056 ], [ 29.541632, -2.046433 ], [ 29.538445, -2.05192 ], [ 29.537935, -2.055733 ], [ 29.53963, -2.059343 ], [ 29.544898, -2.059372 ], [ 29.548898, -2.062613 ], [ 29.55472, -2.059162 ], [ 29.555712, -2.062263 ], [ 29.558422, -2.063818 ], [ 29.564103, -2.06343 ], [ 29.56896, -2.065926 ], [ 29.574798, -2.065926 ], [ 29.578081, -2.067635 ], [ 29.583979, -2.062613 ], [ 29.587944, -2.061942 ], [ 29.587272, -2.064456 ], [ 29.590716, -2.067723 ], [ 29.592292, -2.074317 ], [ 29.600867, -2.071863 ], [ 29.606614, -2.073479 ], [ 29.610154, -2.072495 ], [ 29.618036, -2.082671 ], [ 29.62339, -2.083396 ], [ 29.624545, -2.085856 ], [ 29.626663, -2.085654 ], [ 29.627924, -2.083512 ], [ 29.62977, -2.084972 ], [ 29.629164, -2.079755 ], [ 29.633556, -2.07911 ], [ 29.634126, -2.075515 ], [ 29.63262, -2.074971 ], [ 29.631897, -2.07221 ], [ 29.637176, -2.066997 ], [ 29.633974, -2.066023 ], [ 29.634771, -2.064567 ], [ 29.633278, -2.064073 ], [ 29.633028, -2.062049 ], [ 29.633896, -2.058955 ], [ 29.636827, -2.058804 ], [ 29.635607, -2.054783 ], [ 29.639252, -2.049454 ], [ 29.636237, -2.045661 ], [ 29.636441, -2.042687 ], [ 29.634809, -2.042594 ], [ 29.634324, -2.038823 ], [ 29.630862, -2.037945 ], [ 29.632668, -2.033286 ], [ 29.631124, -2.029427 ], [ 29.632361, -2.027107 ], [ 29.631321, -2.024051 ], [ 29.628424, -2.021878 ], [ 29.63368, -2.01678 ], [ 29.631107, -2.015438 ], [ 29.628649, -2.007691 ], [ 29.631386, -2.000707 ], [ 29.634529, -1.999338 ], [ 29.636805, -1.995143 ], [ 29.634413, -1.98993 ], [ 29.62608, -1.984834 ], [ 29.622034, -1.979872 ], [ 29.622394, -1.975797 ], [ 29.625706, -1.973451 ], [ 29.63912, -1.978105 ], [ 29.640777, -1.977119 ], [ 29.643609, -1.979086 ], [ 29.651226, -1.975629 ], [ 29.654633, -1.976304 ], [ 29.655783, -1.97395 ], [ 29.66584, -1.971861 ], [ 29.673649, -1.959426 ], [ 29.672839, -1.952556 ], [ 29.670907, -1.948833 ], [ 29.664542, -1.946989 ], [ 29.661776, -1.944193 ], [ 29.660941, -1.938274 ], [ 29.664148, -1.934343 ], [ 29.661806, -1.929084 ], [ 29.663974, -1.924234 ], [ 29.661598, -1.923016 ], [ 29.661419, -1.919804 ], [ 29.666097, -1.915177 ], [ 29.670746, -1.914054 ], [ 29.673096, -1.910544 ], [ 29.669993, -1.90783 ], [ 29.670104, -1.90166 ], [ 29.673316, -1.901293 ], [ 29.675174, -1.896268 ], [ 29.67287, -1.893927 ], [ 29.671126, -1.886242 ], [ 29.668944, -1.884052 ], [ 29.671168, -1.879869 ], [ 29.671176, -1.87594 ], [ 29.667695, -1.869746 ], [ 29.668076, -1.866096 ], [ 29.665339, -1.864842 ], [ 29.665223, -1.862593 ], [ 29.663323, -1.861299 ], [ 29.664848, -1.858121 ], [ 29.663814, -1.853016 ], [ 29.665791, -1.850234 ], [ 29.664325, -1.843315 ], [ 29.666876, -1.835976 ], [ 29.664804, -1.830806 ], [ 29.672315, -1.822637 ], [ 29.670832, -1.817449 ], [ 29.668682, -1.817648 ], [ 29.669325, -1.809296 ], [ 29.672192, -1.80915 ], [ 29.672642, -1.804727 ], [ 29.668873, -1.799659 ], [ 29.669372, -1.789284 ], [ 29.673164, -1.787128 ], [ 29.672023, -1.782897 ], [ 29.673322, -1.78098 ], [ 29.672918, -1.779576 ], [ 29.671205, -1.779505 ], [ 29.671449, -1.773558 ], [ 29.669451, -1.772011 ], [ 29.666519, -1.765228 ], [ 29.667735, -1.762594 ], [ 29.664356, -1.759645 ], [ 29.6619, -1.75343 ], [ 29.662773, -1.745646 ], [ 29.66484, -1.742221 ], [ 29.659715, -1.738734 ], [ 29.658871, -1.734995 ] ] ] } },
{ "type": "Feature", "properties": { "admin_name": "Rusizi", "tiles": 31.0, "tests": 85.0, "devices": 63.0, "pop_weight": 43843.616989135742, "area_km2": 11.569611214757312, "d_mean_tile": 19.822032258064514, "d_median_tile": 13.894, "d_mean_pop": 17.615870225228779, "d_median_pop": 15.025661148854356, "d_p10_pop": 2.1357377643725419, "d_p90_pop": 40.989695782952467, "u_median_pop": 8.4850811114468048, "lat_median_pop": 24.258976684158071, "pct_above_bb": 60.775868007186553, "pct_above_hi": 16.350801515564029, "divide_ratio": 19.192288710123933, "pop_total": 517990.64356055355, "pop_covered": 43843.616989135742, "pop_coverage_pct": 8.4641716089241257, "level": "ADM2" }, "geometry": { "type": "Polygon", "coordinates": [ [ [ 29.345442, -2.575396 ], [ 29.344261, -2.570805 ], [ 29.346922, -2.565351 ], [ 29.344681, -2.563321 ], [ 29.346925, -2.559407 ], [ 29.344967, -2.557602 ], [ 29.337229, -2.558333 ], [ 29.33597, -2.557247 ], [ 29.337921, -2.553637 ], [ 29.337173, -2.548281 ], [ 29.340225, -2.543406 ], [ 29.339226, -2.540141 ], [ 29.334609, -2.538124 ], [ 29.328923, -2.539108 ], [ 29.326056, -2.536545 ], [ 29.319085, -2.537787 ], [ 29.319144, -2.535184 ], [ 29.322633, -2.529137 ], [ 29.322169, -2.5275 ], [ 29.324046, -2.525797 ], [ 29.323116, -2.518741 ], [ 29.324138, -2.517726 ], [ 29.32152, -2.517212 ], [ 29.32318, -2.513922 ], [ 29.322543, -2.507551 ], [ 29.310802, -2.498541 ], [ 29.307162, -2.492898 ], [ 29.301064, -2.493262 ], [ 29.299699, -2.495082 ], [ 29.292144, -2.493353 ], [ 29.288729, -2.489618 ], [ 29.282767, -2.490089 ], [ 29.279819, -2.489174 ], [ 29.277915, -2.486761 ], [ 29.277153, -2.487485 ], [ 29.276718, -2.489987 ], [ 29.272631, -2.492009 ], [ 29.267034, -2.487476 ], [ 29.264993, -2.488262 ], [ 29.261918, -2.486853 ], [ 29.254528, -2.479027 ], [ 29.254788, -2.477289 ], [ 29.25253, -2.478135 ], [ 29.252047, -2.475309 ], [ 29.249128, -2.477019 ], [ 29.247948, -2.475458 ], [ 29.245122, -2.478163 ], [ 29.245457, -2.475504 ], [ 29.242175, -2.474594 ], [ 29.240633, -2.472623 ], [ 29.239285, -2.473738 ], [ 29.237286, -2.473106 ], [ 29.236626, -2.474547 ], [ 29.229451, -2.474027 ], [ 29.224264, -2.475811 ], [ 29.219143, -2.478172 ], [ 29.214988, -2.482122 ], [ 29.21127, -2.481211 ], [ 29.20547, -2.475867 ], [ 29.203472, -2.475635 ], [ 29.200619, -2.478767 ], [ 29.19849, -2.487885 ], [ 29.191974, -2.490608 ], [ 29.186518, -2.488759 ], [ 29.182029, -2.48386 ], [ 29.178618, -2.482429 ], [ 29.177586, -2.483935 ], [ 29.174705, -2.480403 ], [ 29.173422, -2.481434 ], [ 29.172892, -2.480542 ], [ 29.171898, -2.483256 ], [ 29.166553, -2.482336 ], [ 29.164285, -2.486491 ], [ 29.160354, -2.488517 ], [ 29.158457, -2.491538 ], [ 29.153085, -2.489883 ], [ 29.151533, -2.492049 ], [ 29.151775, -2.495219 ], [ 29.144236, -2.491854 ], [ 29.141745, -2.492923 ], [ 29.13799, -2.491742 ], [ 29.132553, -2.485915 ], [ 29.127515, -2.487708 ], [ 29.120423, -2.481695 ], [ 29.119258, -2.47811 ], [ 29.118389, -2.482672 ], [ 29.121021, -2.488626 ], [ 29.121032, -2.492914 ], [ 29.123908, -2.495783 ], [ 29.12408, -2.499558 ], [ 29.122223, -2.501423 ], [ 29.122664, -2.505306 ], [ 29.117634, -2.505465 ], [ 29.115329, -2.513376 ], [ 29.112396, -2.514943 ], [ 29.105375, -2.514884 ], [ 29.100759, -2.520387 ], [ 29.093402, -2.519638 ], [ 29.091682, -2.517932 ], [ 29.08072, -2.518452 ], [ 29.079058, -2.519771 ], [ 29.08027, -2.521081 ], [ 29.077411, -2.522787 ], [ 29.074411, -2.527764 ], [ 29.073682, -2.532668 ], [ 29.071301, -2.531991 ], [ 29.065509, -2.5355 ], [ 29.063444, -2.534881 ], [ 29.058617, -2.538545 ], [ 29.053821, -2.53755 ], [ 29.051047, -2.5413 ], [ 29.048372, -2.54127 ], [ 29.043719, -2.545174 ], [ 29.046109, -2.550094 ], [ 29.043751, -2.554606 ], [ 29.045622, -2.559163 ], [ 29.044983, -2.562339 ], [ 29.043063, -2.564659 ], [ 29.040088, -2.565056 ], [ 29.040261, -2.567098 ], [ 29.038809, -2.566704 ], [ 29.039062, -2.56826 ], [ 29.037549, -2.56898 ], [ 29.037391, -2.56701 ], [ 29.034871, -2.564658 ], [ 29.033848, -2.559329 ], [ 29.035953, -2.54616 ], [ 29.034697, -2.541418 ], [ 29.030932, -2.540741 ], [ 29.02659, -2.536678 ], [ 29.017499, -2.535284 ], [ 29.016929, -2.531312 ], [ 29.008553, -2.52674 ], [ 29.007259, -2.521856 ], [ 29.001524, -2.516478 ], [ 29.000898, -2.511831 ], [ 28.997648, -2.506951 ], [ 28.989709, -2.502076 ], [ 28.987954, -2.497993 ], [ 28.984955, -2.497113 ], [ 28.98172, -2.491898 ], [ 28.977512, -2.490504 ], [ 28.976411, -2.488304 ], [ 28.976329, -2.477589 ], [ 28.980346, -2.475114 ], [ 28.981786, -2.471835 ], [ 28.975432, -2.459179 ], [ 28.978585, -2.447656 ], [ 28.976519, -2.443159 ], [ 28.968098, -2.442759 ], [ 28.964888, -2.438429 ], [ 28.966079, -2.4309 ], [ 28.969765, -2.423451 ], [ 28.967739, -2.41137 ], [ 28.96937, -2.404978 ], [ 28.969687, -2.404836 ], [ 28.969919, -2.404409 ], [ 28.970946, -2.401131 ], [ 28.971025, -2.400754 ], [ 28.971114, -2.400808 ], [ 28.972867, -2.395026 ], [ 28.971806, -2.388506 ], [ 28.962109, -2.373071 ], [ 28.956374, -2.375565 ], [ 28.949578, -2.376422 ], [ 28.937412, -2.374595 ], [ 28.931608, -2.371948 ], [ 28.913277, -2.371263 ], [ 28.904216, -2.374994 ], [ 28.892738, -2.383465 ], [ 28.879946, -2.397856 ], [ 28.875186, -2.405629 ], [ 28.874998, -2.408685 ], [ 28.871684, -2.412818 ], [ 28.867382, -2.427285 ], [ 28.866944, -2.439487 ], [ 28.869248, -2.448395 ], [ 28.875149, -2.457285 ], [ 28.891424, -2.473941 ], [ 28.892856, -2.490929 ], [ 28.888607, -2.505631 ], [ 28.87433, -2.509414 ], [ 28.866121, -2.51666 ], [ 28.861838, -2.523727 ], [ 28.862123, -2.531972 ], [ 28.869583, -2.53861 ], [ 28.877756, -2.550746 ], [ 28.89289, -2.560097 ], [ 28.89521, -2.567985 ], [ 28.89521, -2.574766 ], [ 28.899493, -2.584189 ], [ 28.897494, -2.598858 ], [ 28.902348, -2.60821 ], [ 28.900207, -2.615883 ], [ 28.901349, -2.617632 ], [ 28.900349, -2.621951 ], [ 28.904026, -2.626948 ], [ 28.903883, -2.637406 ], [ 28.905775, -2.645329 ], [ 28.904133, -2.649505 ], [ 28.896102, -2.652218 ], [ 28.895424, -2.655073 ], [ 28.897601, -2.660748 ], [ 28.903419, -2.662426 ], [ 28.905239, -2.664674 ], [ 28.907167, -2.663889 ], [ 28.910022, -2.66496 ], [ 28.910343, -2.668814 ], [ 28.917553, -2.680164 ], [ 28.923192, -2.682092 ], [ 28.93133, -2.681378 ], [ 28.933876, -2.68309 ], [ 28.934662, -2.680949 ], [ 28.937327, -2.681829 ], [ 28.940444, -2.685779 ], [ 28.940015, -2.689467 ], [ 28.943751, -2.693037 ], [ 28.945036, -2.691038 ], [ 28.947273, -2.690586 ], [ 28.959456, -2.693798 ], [ 28.966618, -2.70353 ], [ 28.968807, -2.70353 ], [ 28.971353, -2.698224 ], [ 28.974708, -2.695416 ], [ 28.98049, -2.694036 ], [ 28.983131, -2.693917 ], [ 28.988461, -2.69958 ], [ 28.99134, -2.698224 ], [ 28.995695, -2.699366 ], [ 28.997146, -2.702888 ], [ 29.004118, -2.704577 ], [ 29.015658, -2.717022 ], [ 29.02125, -2.719877 ], [ 29.024034, -2.725183 ], [ 29.032291, -2.733487 ], [ 29.034884, -2.734011 ], [ 29.035503, -2.737866 ], [ 29.0405, -2.744671 ], [ 29.040595, -2.739531 ], [ 29.042094, -2.738817 ], [ 29.041285, -2.735201 ], [ 29.04307, -2.735867 ], [ 29.041452, -2.729347 ], [ 29.042523, -2.729395 ], [ 29.04238, -2.725112 ], [ 29.045164, -2.724921 ], [ 29.047091, -2.720472 ], [ 29.049304, -2.719591 ], [ 29.057347, -2.709836 ], [ 29.055324, -2.70867 ], [ 29.055633, -2.705791 ], [ 29.051279, -2.704458 ], [ 29.049875, -2.702126 ], [ 29.052564, -2.698938 ], [ 29.05047, -2.694441 ], [ 29.051636, -2.692799 ], [ 29.055086, -2.693203 ], [ 29.054991, -2.689444 ], [ 29.047734, -2.687421 ], [ 29.04909, -2.685303 ], [ 29.051826, -2.686255 ], [ 29.056704, -2.683804 ], [ 29.05806, -2.678094 ], [ 29.056609, -2.675881 ], [ 29.052302, -2.676047 ], [ 29.049946, -2.672169 ], [ 29.047829, -2.670503 ], [ 29.046734, -2.671193 ], [ 29.049256, -2.669242 ], [ 29.048043, -2.665007 ], [ 29.052397, -2.657107 ], [ 29.054991, -2.656393 ], [ 29.054777, -2.653038 ], [ 29.056085, -2.653942 ], [ 29.058417, -2.653038 ], [ 29.061796, -2.649826 ], [ 29.059774, -2.648612 ], [ 29.059821, -2.645543 ], [ 29.054301, -2.640141 ], [ 29.055276, -2.637429 ], [ 29.053873, -2.630481 ], [ 29.054824, -2.630052 ], [ 29.054491, -2.627221 ], [ 29.05254, -2.627601 ], [ 29.052564, -2.623437 ], [ 29.05442, -2.62082 ], [ 29.053468, -2.619345 ], [ 29.058227, -2.618274 ], [ 29.059559, -2.613515 ], [ 29.058512, -2.610541 ], [ 29.060892, -2.608209 ], [ 29.062296, -2.60226 ], [ 29.073122, -2.603783 ], [ 29.076073, -2.599548 ], [ 29.081855, -2.595217 ], [ 29.088256, -2.592219 ], [ 29.091373, -2.593361 ], [ 29.093015, -2.592052 ], [ 29.095561, -2.597073 ], [ 29.098844, -2.595836 ], [ 29.10258, -2.597025 ], [ 29.108219, -2.595241 ], [ 29.113311, -2.597906 ], [ 29.116095, -2.59724 ], [ 29.11562, -2.599524 ], [ 29.117119, -2.59881 ], [ 29.120926, -2.603593 ], [ 29.124209, -2.604045 ], [ 29.123852, -2.607281 ], [ 29.127945, -2.610588 ], [ 29.135488, -2.604711 ], [ 29.138748, -2.605877 ], [ 29.141627, -2.604259 ], [ 29.139533, -2.598643 ], [ 29.141817, -2.596383 ], [ 29.144292, -2.596716 ], [ 29.145053, -2.594979 ], [ 29.148789, -2.59505 ], [ 29.149693, -2.591743 ], [ 29.150812, -2.5921 ], [ 29.151026, -2.595883 ], [ 29.153334, -2.594931 ], [ 29.156903, -2.596906 ], [ 29.162899, -2.595574 ], [ 29.162519, -2.600785 ], [ 29.168515, -2.603236 ], [ 29.168753, -2.606567 ], [ 29.171608, -2.607543 ], [ 29.173797, -2.610469 ], [ 29.173774, -2.615585 ], [ 29.176153, -2.61618 ], [ 29.177152, -2.614681 ], [ 29.182578, -2.614348 ], [ 29.183648, -2.611826 ], [ 29.187099, -2.610279 ], [ 29.18855, -2.613015 ], [ 29.185528, -2.614752 ], [ 29.185956, -2.615942 ], [ 29.197259, -2.618012 ], [ 29.203422, -2.615728 ], [ 29.208133, -2.621986 ], [ 29.209799, -2.622914 ], [ 29.212987, -2.621677 ], [ 29.215557, -2.625864 ], [ 29.21896, -2.626555 ], [ 29.219031, -2.631337 ], [ 29.220435, -2.632313 ], [ 29.22379, -2.631123 ], [ 29.223671, -2.628625 ], [ 29.22586, -2.627697 ], [ 29.226407, -2.62565 ], [ 29.230405, -2.629053 ], [ 29.233141, -2.628839 ], [ 29.23583, -2.627887 ], [ 29.235925, -2.624794 ], [ 29.239304, -2.627411 ], [ 29.240589, -2.624651 ], [ 29.244372, -2.62308 ], [ 29.246419, -2.625198 ], [ 29.247561, -2.622105 ], [ 29.24875, -2.625769 ], [ 29.251344, -2.626911 ], [ 29.254485, -2.623128 ], [ 29.263408, -2.618726 ], [ 29.265335, -2.618845 ], [ 29.267334, -2.622343 ], [ 29.267096, -2.624746 ], [ 29.272402, -2.623961 ], [ 29.281301, -2.626364 ], [ 29.284204, -2.631766 ], [ 29.286655, -2.632313 ], [ 29.293579, -2.640879 ], [ 29.311687, -2.644948 ], [ 29.314852, -2.64697 ], [ 29.315328, -2.651563 ], [ 29.319825, -2.656678 ], [ 29.322514, -2.653799 ], [ 29.326202, -2.653538 ], [ 29.332722, -2.663365 ], [ 29.33177, -2.666244 ], [ 29.33503, -2.669432 ], [ 29.33503, -2.674072 ], [ 29.331936, -2.676404 ], [ 29.331984, -2.680116 ], [ 29.329055, -2.682622 ], [ 29.335305, -2.679625 ], [ 29.345232, -2.679812 ], [ 29.349074, -2.676729 ], [ 29.35123, -2.670152 ], [ 29.354235, -2.666125 ], [ 29.352065, -2.660242 ], [ 29.355918, -2.653924 ], [ 29.357104, -2.645256 ], [ 29.365096, -2.637798 ], [ 29.367931, -2.63138 ], [ 29.363345, -2.624142 ], [ 29.364474, -2.620207 ], [ 29.362122, -2.617903 ], [ 29.363052, -2.615102 ], [ 29.356257, -2.607971 ], [ 29.352937, -2.595847 ], [ 29.350431, -2.595229 ], [ 29.345246, -2.596994 ], [ 29.342543, -2.593157 ], [ 29.3424, -2.590401 ], [ 29.345052, -2.588235 ], [ 29.345008, -2.58527 ], [ 29.341276, -2.58389 ], [ 29.339736, -2.581251 ], [ 29.345442, -2.575396 ] ] ] } },
{ "type": "Feature", "properties": { "admin_name": "Rulindo", "tiles": 6.0, "tests": 20.0, "devices": 7.0, "pop_weight": 7837.9937438964844, "area_km2": 2.2413106540555021, "d_mean_tile": 28.969, "d_median_tile": 19.5565, "d_mean_pop": 30.420151758422655, "d_median_pop": 23.355840686377562, "d_p10_pop": 13.87525396636047, "d_p90_pop": 72.556836238306218, "u_median_pop": 8.4452369679657266, "lat_median_pop": 17.431542161895454, "pct_above_bb": 100.0, "pct_above_hi": 39.173936391372308, "divide_ratio": 5.2292258155573164, "pop_total": 391006.40459442139, "pop_covered": 7837.9937438964844, "pop_coverage_pct": 2.0045691456196448, "level": "ADM2" }, "geometry": { "type": "Polygon", "coordinates": [ [ [ 29.989433, -1.866774 ], [ 29.992975, -1.855423 ], [ 29.991145, -1.847507 ], [ 29.994552, -1.846629 ], [ 29.998834, -1.841601 ], [ 30.006408, -1.838674 ], [ 30.013024, -1.838173 ], [ 30.015841, -1.836316 ], [ 30.019898, -1.844008 ], [ 30.021621, -1.852555 ], [ 30.026888, -1.857031 ], [ 30.029346, -1.8652 ], [ 30.034391, -1.860494 ], [ 30.038758, -1.859609 ], [ 30.042187, -1.85509 ], [ 30.045523, -1.853897 ], [ 30.051496, -1.844674 ], [ 30.057025, -1.844267 ], [ 30.055773, -1.840233 ], [ 30.056547, -1.837532 ], [ 30.059493, -1.832225 ], [ 30.063458, -1.828838 ], [ 30.074898, -1.826094 ], [ 30.080285, -1.826383 ], [ 30.09472, -1.820576 ], [ 30.097272, -1.81829 ], [ 30.099532, -1.812684 ], [ 30.107748, -1.816137 ], [ 30.11326, -1.820498 ], [ 30.117699, -1.819969 ], [ 30.122865, -1.812441 ], [ 30.12803, -1.808981 ], [ 30.13059, -1.799685 ], [ 30.130282, -1.790042 ], [ 30.132881, -1.783862 ], [ 30.132959, -1.779602 ], [ 30.129972, -1.777648 ], [ 30.126493, -1.772071 ], [ 30.118902, -1.771222 ], [ 30.113289, -1.775254 ], [ 30.099186, -1.77272 ], [ 30.097824, -1.769699 ], [ 30.093836, -1.767819 ], [ 30.090946, -1.761845 ], [ 30.084399, -1.756471 ], [ 30.086195, -1.751362 ], [ 30.082143, -1.743649 ], [ 30.081789, -1.740048 ], [ 30.075873, -1.732903 ], [ 30.076933, -1.725932 ], [ 30.0815, -1.722135 ], [ 30.083926, -1.716995 ], [ 30.08341, -1.714934 ], [ 30.081694, -1.714256 ], [ 30.078486, -1.70514 ], [ 30.073223, -1.701452 ], [ 30.072133, -1.696806 ], [ 30.066503, -1.688108 ], [ 30.063398, -1.687241 ], [ 30.058333, -1.674488 ], [ 30.056391, -1.67381 ], [ 30.057751, -1.672343 ], [ 30.054958, -1.667985 ], [ 30.055534, -1.665851 ], [ 30.061909, -1.661112 ], [ 30.060514, -1.658905 ], [ 30.063285, -1.659521 ], [ 30.071692, -1.652184 ], [ 30.076356, -1.651002 ], [ 30.071256, -1.645665 ], [ 30.066539, -1.637173 ], [ 30.062242, -1.633798 ], [ 30.053173, -1.617849 ], [ 30.048981, -1.616497 ], [ 30.041248, -1.611043 ], [ 30.034929, -1.601946 ], [ 30.032219, -1.605325 ], [ 30.022447, -1.610546 ], [ 30.019378, -1.616346 ], [ 30.012453, -1.619373 ], [ 30.010499, -1.622618 ], [ 30.013953, -1.631192 ], [ 30.013144, -1.64298 ], [ 30.016172, -1.6471 ], [ 30.018101, -1.654092 ], [ 30.014082, -1.654284 ], [ 30.007277, -1.651777 ], [ 29.999887, -1.661482 ], [ 29.993928, -1.641267 ], [ 29.986808, -1.633528 ], [ 29.982641, -1.632318 ], [ 29.978861, -1.636297 ], [ 29.978552, -1.639101 ], [ 29.974569, -1.639178 ], [ 29.967333, -1.62884 ], [ 29.966614, -1.620497 ], [ 29.963053, -1.616926 ], [ 29.958293, -1.61474 ], [ 29.959586, -1.611396 ], [ 29.957808, -1.607283 ], [ 29.950538, -1.604152 ], [ 29.943952, -1.595731 ], [ 29.94307, -1.596502 ], [ 29.941626, -1.595122 ], [ 29.93614, -1.597568 ], [ 29.928452, -1.593219 ], [ 29.922164, -1.591708 ], [ 29.920899, -1.593424 ], [ 29.917808, -1.593848 ], [ 29.917081, -1.595822 ], [ 29.914575, -1.59229 ], [ 29.909483, -1.589793 ], [ 29.900932, -1.589634 ], [ 29.905151, -1.595009 ], [ 29.903761, -1.603574 ], [ 29.905315, -1.610971 ], [ 29.892999, -1.608239 ], [ 29.887331, -1.612091 ], [ 29.885984, -1.609087 ], [ 29.882085, -1.609118 ], [ 29.87457, -1.610057 ], [ 29.873241, -1.612936 ], [ 29.870835, -1.611642 ], [ 29.86433, -1.612652 ], [ 29.869111, -1.631499 ], [ 29.871474, -1.632706 ], [ 29.871165, -1.635116 ], [ 29.874637, -1.644581 ], [ 29.880925, -1.649656 ], [ 29.879618, -1.656858 ], [ 29.874395, -1.660559 ], [ 29.872473, -1.664156 ], [ 29.875085, -1.67518 ], [ 29.883486, -1.684349 ], [ 29.885158, -1.689281 ], [ 29.887879, -1.692198 ], [ 29.888108, -1.695706 ], [ 29.891846, -1.698179 ], [ 29.896885, -1.707247 ], [ 29.900349, -1.716899 ], [ 29.900033, -1.719381 ], [ 29.903075, -1.723586 ], [ 29.901157, -1.72686 ], [ 29.903239, -1.729825 ], [ 29.903206, -1.737736 ], [ 29.903947, -1.741975 ], [ 29.90637, -1.744407 ], [ 29.906104, -1.748871 ], [ 29.907728, -1.752227 ], [ 29.912375, -1.756008 ], [ 29.911825, -1.759589 ], [ 29.915132, -1.76292 ], [ 29.918971, -1.771698 ], [ 29.921236, -1.772873 ], [ 29.920245, -1.77762 ], [ 29.92281, -1.783249 ], [ 29.923102, -1.788046 ], [ 29.928398, -1.796116 ], [ 29.932653, -1.799888 ], [ 29.918655, -1.805378 ], [ 29.914511, -1.80475 ], [ 29.912224, -1.807047 ], [ 29.911661, -1.81539 ], [ 29.908782, -1.822554 ], [ 29.907737, -1.831587 ], [ 29.910889, -1.840098 ], [ 29.908652, -1.845266 ], [ 29.903418, -1.849026 ], [ 29.902942, -1.853724 ], [ 29.904804, -1.859875 ], [ 29.91014, -1.857344 ], [ 29.917998, -1.864417 ], [ 29.918472, -1.869642 ], [ 29.926943, -1.867818 ], [ 29.929102, -1.871553 ], [ 29.931649, -1.871553 ], [ 29.933813, -1.877677 ], [ 29.938123, -1.876542 ], [ 29.942364, -1.877993 ], [ 29.94236, -1.88436 ], [ 29.947789, -1.887144 ], [ 29.948662, -1.890948 ], [ 29.953668, -1.891149 ], [ 29.956542, -1.894364 ], [ 29.959522, -1.895262 ], [ 29.956589, -1.900179 ], [ 29.960317, -1.900599 ], [ 29.961406, -1.903454 ], [ 29.9636, -1.903831 ], [ 29.96217, -1.906468 ], [ 29.962882, -1.907621 ], [ 29.965869, -1.907304 ], [ 29.968828, -1.908881 ], [ 29.971843, -1.907356 ], [ 29.975668, -1.909475 ], [ 29.975671, -1.906166 ], [ 29.977197, -1.905779 ], [ 29.98027, -1.911709 ], [ 29.98284, -1.913378 ], [ 29.992502, -1.907353 ], [ 29.986169, -1.896341 ], [ 29.984262, -1.895814 ], [ 29.98077, -1.891354 ], [ 29.978029, -1.890676 ], [ 29.980372, -1.886755 ], [ 29.977519, -1.881043 ], [ 29.979999, -1.87136 ], [ 29.989433, -1.866774 ] ] ] } },
{ "type": "Feature", "properties": { "admin_name": "Gakenke", "tiles": 8.0, "tests": 23.0, "devices": 8.0, "pop_weight": 5093.7681884765625, "area_km2": 2.988862351153494, "d_mean_tile": 8.5945, "d_median_tile": 7.2515, "d_mean_pop": 6.9746241493541934, "d_median_pop": 5.1978424427385024, "d_p10_pop": 2.0001630555236352, "d_p90_pop": 16.27391971196791, "u_median_pop": 2.2140353984803465, "lat_median_pop": 28.898179916784144, "pct_above_bb": 17.564122602227098, "pct_above_hi": 0.0, "divide_ratio": 8.1362965219390375, "pop_total": 399536.24184608459, "pop_covered": 5093.7681884765625, "pop_coverage_pct": 1.2749201836960915, "level": "ADM2" }, "geometry": { "type": "Polygon", "coordinates": [ [ [ 29.817453, -1.852911 ], [ 29.823412, -1.856644 ], [ 29.827834, -1.854879 ], [ 29.835441, -1.855202 ], [ 29.841039, -1.857181 ], [ 29.844374, -1.859217 ], [ 29.848193, -1.865338 ], [ 29.848915, -1.871545 ], [ 29.852563, -1.873297 ], [ 29.862637, -1.868546 ], [ 29.864899, -1.863514 ], [ 29.87204, -1.86164 ], [ 29.874371, -1.857329 ], [ 29.879858, -1.854032 ], [ 29.884394, -1.857368 ], [ 29.889826, -1.859007 ], [ 29.892884, -1.862481 ], [ 29.901475, -1.862689 ], [ 29.904804, -1.859875 ], [ 29.902942, -1.853724 ], [ 29.903418, -1.849026 ], [ 29.908652, -1.845266 ], [ 29.910889, -1.840098 ], [ 29.907737, -1.831587 ], [ 29.908782, -1.822554 ], [ 29.911661, -1.81539 ], [ 29.912224, -1.807047 ], [ 29.914511, -1.80475 ], [ 29.918655, -1.805378 ], [ 29.932653, -1.799888 ], [ 29.928398, -1.796116 ], [ 29.923102, -1.788046 ], [ 29.92281, -1.783249 ], [ 29.920245, -1.77762 ], [ 29.921236, -1.772873 ], [ 29.918971, -1.771698 ], [ 29.915132, -1.76292 ], [ 29.911825, -1.759589 ], [ 29.912375, -1.756008 ], [ 29.907728, -1.752227 ], [ 29.906104, -1.748871 ], [ 29.90637, -1.744407 ], [ 29.903947, -1.741975 ], [ 29.903206, -1.737736 ], [ 29.903239, -1.729825 ], [ 29.901157, -1.72686 ], [ 29.903075, -1.723586 ], [ 29.900033, -1.719381 ], [ 29.900349, -1.716899 ], [ 29.896885, -1.707247 ], [ 29.891846, -1.698179 ], [ 29.888108, -1.695706 ], [ 29.887879, -1.692198 ], [ 29.885158, -1.689281 ], [ 29.883486, -1.684349 ], [ 29.875085, -1.67518 ], [ 29.872473, -1.664156 ], [ 29.874395, -1.660559 ], [ 29.879618, -1.656858 ], [ 29.880925, -1.649656 ], [ 29.874637, -1.644581 ], [ 29.871165, -1.635116 ], [ 29.871474, -1.632706 ], [ 29.869111, -1.631499 ], [ 29.86433, -1.612652 ], [ 29.860481, -1.610171 ], [ 29.858481, -1.606921 ], [ 29.857148, -1.595142 ], [ 29.854634, -1.589741 ], [ 29.855647, -1.585033 ], [ 29.853625, -1.579836 ], [ 29.842264, -1.57982 ], [ 29.837118, -1.569278 ], [ 29.838661, -1.567012 ], [ 29.837771, -1.565749 ], [ 29.840448, -1.56405 ], [ 29.837462, -1.559602 ], [ 29.826769, -1.562563 ], [ 29.822674, -1.561389 ], [ 29.813313, -1.565012 ], [ 29.812927, -1.566512 ], [ 29.804683, -1.563846 ], [ 29.804305, -1.565714 ], [ 29.797158, -1.568043 ], [ 29.79472, -1.566568 ], [ 29.78664, -1.569139 ], [ 29.78177, -1.565931 ], [ 29.781779, -1.561519 ], [ 29.779474, -1.559053 ], [ 29.774259, -1.559952 ], [ 29.770567, -1.554287 ], [ 29.761751, -1.549679 ], [ 29.756702, -1.557205 ], [ 29.756589, -1.561878 ], [ 29.753363, -1.563268 ], [ 29.751909, -1.565939 ], [ 29.753572, -1.582231 ], [ 29.749982, -1.585352 ], [ 29.748019, -1.583542 ], [ 29.735672, -1.584126 ], [ 29.728075, -1.576603 ], [ 29.724288, -1.576995 ], [ 29.71957, -1.574538 ], [ 29.714838, -1.57028 ], [ 29.713026, -1.566424 ], [ 29.706198, -1.563279 ], [ 29.703983, -1.560193 ], [ 29.690221, -1.560958 ], [ 29.684172, -1.55801 ], [ 29.679464, -1.56256 ], [ 29.678633, -1.572486 ], [ 29.673529, -1.574627 ], [ 29.676619, -1.580351 ], [ 29.668671, -1.579343 ], [ 29.671169, -1.588922 ], [ 29.673562, -1.590048 ], [ 29.674284, -1.592942 ], [ 29.667141, -1.592474 ], [ 29.668793, -1.594675 ], [ 29.667175, -1.598781 ], [ 29.665029, -1.596441 ], [ 29.656475, -1.596513 ], [ 29.653293, -1.598262 ], [ 29.649219, -1.596108 ], [ 29.647708, -1.596597 ], [ 29.646411, -1.59295 ], [ 29.642796, -1.589424 ], [ 29.638545, -1.592284 ], [ 29.635539, -1.597447 ], [ 29.636455, -1.603344 ], [ 29.63314, -1.608882 ], [ 29.634898, -1.611539 ], [ 29.63344, -1.619151 ], [ 29.63404, -1.629028 ], [ 29.635989, -1.632126 ], [ 29.633407, -1.638488 ], [ 29.634315, -1.643036 ], [ 29.633215, -1.649073 ], [ 29.63434, -1.649581 ], [ 29.633907, -1.653487 ], [ 29.636139, -1.653296 ], [ 29.638404, -1.658284 ], [ 29.63957, -1.667628 ], [ 29.63862, -1.671593 ], [ 29.640003, -1.676648 ], [ 29.63703, -1.694662 ], [ 29.633973, -1.694928 ], [ 29.632457, -1.698626 ], [ 29.634648, -1.700208 ], [ 29.634206, -1.714641 ], [ 29.635414, -1.71554 ], [ 29.635589, -1.719354 ], [ 29.638734, -1.722055 ], [ 29.640136, -1.724609 ], [ 29.649189, -1.726858 ], [ 29.65212, -1.729998 ], [ 29.653811, -1.734853 ], [ 29.658871, -1.734995 ], [ 29.660414, -1.733195 ], [ 29.668113, -1.731178 ], [ 29.672934, -1.732626 ], [ 29.688217, -1.731616 ], [ 29.694694, -1.733617 ], [ 29.696514, -1.736418 ], [ 29.701108, -1.737748 ], [ 29.701106, -1.744452 ], [ 29.703391, -1.747271 ], [ 29.710334, -1.75327 ], [ 29.713554, -1.752447 ], [ 29.717447, -1.755525 ], [ 29.720947, -1.754997 ], [ 29.728507, -1.74816 ], [ 29.733578, -1.748339 ], [ 29.738342, -1.751376 ], [ 29.741551, -1.749767 ], [ 29.744471, -1.751528 ], [ 29.746336, -1.749986 ], [ 29.747915, -1.750658 ], [ 29.744308, -1.764585 ], [ 29.75029, -1.774462 ], [ 29.756339, -1.775013 ], [ 29.763774, -1.780881 ], [ 29.769722, -1.791369 ], [ 29.769344, -1.806803 ], [ 29.771902, -1.81037 ], [ 29.778066, -1.809442 ], [ 29.785892, -1.819649 ], [ 29.789576, -1.820785 ], [ 29.79154, -1.825201 ], [ 29.796305, -1.82634 ], [ 29.798991, -1.829681 ], [ 29.800809, -1.838734 ], [ 29.799399, -1.842796 ], [ 29.796613, -1.844953 ], [ 29.797328, -1.848004 ], [ 29.804966, -1.852213 ], [ 29.816459, -1.851387 ], [ 29.817453, -1.852911 ] ] ] } },
{ "type": "Feature", "properties": { "admin_name": "Musanze", "tiles": 35.0, "tests": 251.0, "devices": 58.0, "pop_weight": 87993.721069335938, "area_km2": 13.078468540838529, "d_mean_tile": 45.773971428571436, "d_median_tile": 15.734, "d_mean_pop": 74.222371009532054, "d_median_pop": 17.593147544793684, "d_p10_pop": 2.5348390559628871, "d_p90_pop": 248.80062682502211, "u_median_pop": 8.1125372444170054, "lat_median_pop": 23.585228409903177, "pct_above_bb": 68.286707671262548, "pct_above_hi": 39.267749321985249, "divide_ratio": 98.152435453347707, "pop_total": 514008.16350275354, "pop_covered": 87993.721069335938, "pop_coverage_pct": 17.119129095089665, "level": "ADM2" }, "geometry": { "type": "Polygon", "coordinates": [ [ [ 29.638545, -1.592284 ], [ 29.642796, -1.589424 ], [ 29.646411, -1.59295 ], [ 29.647708, -1.596597 ], [ 29.649219, -1.596108 ], [ 29.653293, -1.598262 ], [ 29.656475, -1.596513 ], [ 29.665029, -1.596441 ], [ 29.667175, -1.598781 ], [ 29.668793, -1.594675 ], [ 29.667141, -1.592474 ], [ 29.674284, -1.592942 ], [ 29.673562, -1.590048 ], [ 29.671169, -1.588922 ], [ 29.668671, -1.579343 ], [ 29.676619, -1.580351 ], [ 29.673529, -1.574627 ], [ 29.678633, -1.572486 ], [ 29.679464, -1.56256 ], [ 29.684172, -1.55801 ], [ 29.690221, -1.560958 ], [ 29.703983, -1.560193 ], [ 29.706198, -1.563279 ], [ 29.713026, -1.566424 ], [ 29.714838, -1.57028 ], [ 29.71957, -1.574538 ], [ 29.724288, -1.576995 ], [ 29.728075, -1.576603 ], [ 29.735672, -1.584126 ], [ 29.748019, -1.583542 ], [ 29.749982, -1.585352 ], [ 29.753572, -1.582231 ], [ 29.751909, -1.565939 ], [ 29.753363, -1.563268 ], [ 29.756589, -1.561878 ], [ 29.756702, -1.557205 ], [ 29.761751, -1.549679 ], [ 29.765241, -1.536773 ], [ 29.763422, -1.517354 ], [ 29.759132, -1.503195 ], [ 29.747107, -1.481821 ], [ 29.73624, -1.489462 ], [ 29.72499, -1.492803 ], [ 29.722992, -1.484273 ], [ 29.72077, -1.482232 ], [ 29.717783, -1.482547 ], [ 29.716509, -1.478545 ], [ 29.711189, -1.474033 ], [ 29.711089, -1.471841 ], [ 29.703078, -1.4678 ], [ 29.702082, -1.462788 ], [ 29.696056, -1.457723 ], [ 29.694181, -1.459759 ], [ 29.692046, -1.459018 ], [ 29.685643, -1.461669 ], [ 29.67962, -1.456683 ], [ 29.676332, -1.456386 ], [ 29.674542, -1.457819 ], [ 29.672818, -1.456056 ], [ 29.671485, -1.446262 ], [ 29.664178, -1.447761 ], [ 29.660325, -1.450377 ], [ 29.656229, -1.425257 ], [ 29.656374, -1.415158 ], [ 29.660152, -1.400722 ], [ 29.659783, -1.393073 ], [ 29.657402, -1.390146 ], [ 29.646908, -1.3866 ], [ 29.627424, -1.387592 ], [ 29.608008, -1.385807 ], [ 29.598234, -1.38774 ], [ 29.592761, -1.387098 ], [ 29.589311, -1.391548 ], [ 29.586979, -1.392476 ], [ 29.580697, -1.388145 ], [ 29.574035, -1.386789 ], [ 29.566468, -1.386812 ], [ 29.561971, -1.390096 ], [ 29.557236, -1.389763 ], [ 29.548932, -1.396973 ], [ 29.547052, -1.400256 ], [ 29.538986, -1.405705 ], [ 29.533965, -1.408299 ], [ 29.530086, -1.408513 ], [ 29.52923, -1.410797 ], [ 29.52597, -1.409393 ], [ 29.52497, -1.414081 ], [ 29.518379, -1.424908 ], [ 29.521568, -1.426621 ], [ 29.520307, -1.428834 ], [ 29.506054, -1.433997 ], [ 29.50446, -1.440398 ], [ 29.496155, -1.442706 ], [ 29.495537, -1.445799 ], [ 29.493538, -1.44668 ], [ 29.450002, -1.506018 ], [ 29.483895, -1.549244 ], [ 29.499165, -1.563662 ], [ 29.507048, -1.563986 ], [ 29.507951, -1.562245 ], [ 29.528132, -1.572047 ], [ 29.534857, -1.571227 ], [ 29.538278, -1.574599 ], [ 29.540153, -1.571223 ], [ 29.545463, -1.571441 ], [ 29.54848, -1.567869 ], [ 29.55024, -1.568996 ], [ 29.550913, -1.573177 ], [ 29.553218, -1.576384 ], [ 29.556509, -1.575771 ], [ 29.555847, -1.572808 ], [ 29.559238, -1.569916 ], [ 29.567867, -1.577864 ], [ 29.570126, -1.583523 ], [ 29.573318, -1.584254 ], [ 29.574364, -1.586137 ], [ 29.584719, -1.589036 ], [ 29.585628, -1.592005 ], [ 29.590445, -1.59117 ], [ 29.595978, -1.593427 ], [ 29.607795, -1.587652 ], [ 29.612382, -1.589226 ], [ 29.613731, -1.588028 ], [ 29.618196, -1.588353 ], [ 29.624477, -1.584994 ], [ 29.629208, -1.591192 ], [ 29.63244, -1.5904 ], [ 29.638545, -1.592284 ] ] ] } },
{ "type": "Feature", "properties": { "admin_name": "Burera", "tiles": 5.0, "tests": 13.0, "devices": 5.0, "pop_weight": 6333.1568603515625, "area_km2": 1.8684910054502097, "d_mean_tile": 12.8878, "d_median_tile": 2.145, "d_mean_pop": 10.669669156841934, "d_median_pop": 2.1274873897612143, "d_p10_pop": 0.832, "d_p90_pop": 33.633796489707585, "u_median_pop": 2.5998160643108124, "lat_median_pop": 34.373485844779012, "pct_above_bb": 34.801014031647405, "pct_above_hi": 11.286147255478046, "divide_ratio": 40.42523616551393, "pop_total": 413002.72605729935, "pop_covered": 6333.1568603515625, "pop_coverage_pct": 1.5334419026263062, "level": "ADM2" }, "geometry": { "type": "Polygon", "coordinates": [ [ [ 29.943952, -1.595731 ], [ 29.948972, -1.597487 ], [ 29.947661, -1.593586 ], [ 29.951784, -1.595375 ], [ 29.954499, -1.593102 ], [ 29.951297, -1.582669 ], [ 29.951119, -1.576511 ], [ 29.955869, -1.565442 ], [ 29.964254, -1.574317 ], [ 29.971454, -1.569746 ], [ 29.972688, -1.586804 ], [ 29.991051, -1.56903 ], [ 29.996405, -1.56796 ], [ 29.997563, -1.568948 ], [ 29.99458, -1.562422 ], [ 29.989836, -1.556504 ], [ 29.98209, -1.550698 ], [ 29.979396, -1.545494 ], [ 29.974128, -1.543727 ], [ 29.972637, -1.537753 ], [ 29.970694, -1.53619 ], [ 29.969821, -1.540766 ], [ 29.966446, -1.539841 ], [ 29.966492, -1.537152 ], [ 29.961451, -1.527734 ], [ 29.961611, -1.526275 ], [ 29.963887, -1.527185 ], [ 29.9668, -1.525723 ], [ 29.969391, -1.518234 ], [ 29.975082, -1.517881 ], [ 29.979297, -1.521167 ], [ 29.982779, -1.521281 ], [ 29.989573, -1.514833 ], [ 29.99358, -1.513121 ], [ 29.995506, -1.509605 ], [ 29.99344, -1.500783 ], [ 29.988434, -1.502256 ], [ 29.98523, -1.500932 ], [ 29.980708, -1.501469 ], [ 29.975883, -1.492971 ], [ 29.976534, -1.489893 ], [ 29.983423, -1.486119 ], [ 29.979941, -1.476258 ], [ 29.980388, -1.46982 ], [ 29.984697, -1.468036 ], [ 29.983918, -1.465415 ], [ 29.988181, -1.462147 ], [ 29.985889, -1.461026 ], [ 29.982712, -1.454159 ], [ 29.978615, -1.456611 ], [ 29.977644, -1.458781 ], [ 29.961159, -1.461903 ], [ 29.941381, -1.469155 ], [ 29.9339, -1.472163 ], [ 29.925087, -1.479815 ], [ 29.914332, -1.482043 ], [ 29.902712, -1.460816 ], [ 29.896788, -1.456866 ], [ 29.893694, -1.451583 ], [ 29.893361, -1.442232 ], [ 29.890077, -1.433142 ], [ 29.890958, -1.42993 ], [ 29.88558, -1.423101 ], [ 29.885985, -1.41532 ], [ 29.887888, -1.413298 ], [ 29.883677, -1.405541 ], [ 29.883356, -1.387742 ], [ 29.880857, -1.371681 ], [ 29.880857, -1.361568 ], [ 29.883118, -1.356476 ], [ 29.870982, -1.355643 ], [ 29.861464, -1.36045 ], [ 29.858157, -1.355477 ], [ 29.858895, -1.352098 ], [ 29.855587, -1.347625 ], [ 29.851709, -1.345888 ], [ 29.849401, -1.33825 ], [ 29.841168, -1.3333 ], [ 29.842048, -1.330588 ], [ 29.84024, -1.325876 ], [ 29.843166, -1.322759 ], [ 29.842286, -1.320261 ], [ 29.837337, -1.319 ], [ 29.833601, -1.314955 ], [ 29.829532, -1.31505 ], [ 29.824392, -1.308887 ], [ 29.820871, -1.310862 ], [ 29.81892, -1.314669 ], [ 29.820895, -1.316192 ], [ 29.821156, -1.318643 ], [ 29.819181, -1.327423 ], [ 29.809354, -1.329707 ], [ 29.805666, -1.335085 ], [ 29.804786, -1.339059 ], [ 29.796505, -1.350313 ], [ 29.795791, -1.357547 ], [ 29.796743, -1.358998 ], [ 29.795125, -1.364828 ], [ 29.797124, -1.370063 ], [ 29.796362, -1.372775 ], [ 29.783894, -1.367303 ], [ 29.776732, -1.365685 ], [ 29.767714, -1.354025 ], [ 29.759124, -1.347125 ], [ 29.746584, -1.342128 ], [ 29.733449, -1.340391 ], [ 29.717935, -1.343294 ], [ 29.711749, -1.347268 ], [ 29.707537, -1.352146 ], [ 29.701303, -1.354216 ], [ 29.697091, -1.360831 ], [ 29.692332, -1.362853 ], [ 29.683243, -1.377772 ], [ 29.678341, -1.382841 ], [ 29.668086, -1.386386 ], [ 29.659783, -1.393073 ], [ 29.660152, -1.400722 ], [ 29.656374, -1.415158 ], [ 29.656229, -1.425257 ], [ 29.660325, -1.450377 ], [ 29.664178, -1.447761 ], [ 29.671485, -1.446262 ], [ 29.672818, -1.456056 ], [ 29.674542, -1.457819 ], [ 29.676332, -1.456386 ], [ 29.67962, -1.456683 ], [ 29.685643, -1.461669 ], [ 29.692046, -1.459018 ], [ 29.694181, -1.459759 ], [ 29.696056, -1.457723 ], [ 29.702082, -1.462788 ], [ 29.703078, -1.4678 ], [ 29.711089, -1.471841 ], [ 29.711189, -1.474033 ], [ 29.716509, -1.478545 ], [ 29.717783, -1.482547 ], [ 29.72077, -1.482232 ], [ 29.722992, -1.484273 ], [ 29.72499, -1.492803 ], [ 29.73624, -1.489462 ], [ 29.747107, -1.481821 ], [ 29.759132, -1.503195 ], [ 29.763422, -1.517354 ], [ 29.765241, -1.536773 ], [ 29.761751, -1.549679 ], [ 29.770567, -1.554287 ], [ 29.774259, -1.559952 ], [ 29.779474, -1.559053 ], [ 29.781779, -1.561519 ], [ 29.78177, -1.565931 ], [ 29.78664, -1.569139 ], [ 29.79472, -1.566568 ], [ 29.797158, -1.568043 ], [ 29.804305, -1.565714 ], [ 29.804683, -1.563846 ], [ 29.812927, -1.566512 ], [ 29.813313, -1.565012 ], [ 29.822674, -1.561389 ], [ 29.826769, -1.562563 ], [ 29.837462, -1.559602 ], [ 29.840448, -1.56405 ], [ 29.837771, -1.565749 ], [ 29.838661, -1.567012 ], [ 29.837118, -1.569278 ], [ 29.842264, -1.57982 ], [ 29.853625, -1.579836 ], [ 29.855647, -1.585033 ], [ 29.854634, -1.589741 ], [ 29.857148, -1.595142 ], [ 29.858481, -1.606921 ], [ 29.860481, -1.610171 ], [ 29.86433, -1.612652 ], [ 29.870835, -1.611642 ], [ 29.873241, -1.612936 ], [ 29.87457, -1.610057 ], [ 29.882085, -1.609118 ], [ 29.885984, -1.609087 ], [ 29.887331, -1.612091 ], [ 29.892999, -1.608239 ], [ 29.905315, -1.610971 ], [ 29.903761, -1.603574 ], [ 29.905151, -1.595009 ], [ 29.900932, -1.589634 ], [ 29.909483, -1.589793 ], [ 29.914575, -1.59229 ], [ 29.917081, -1.595822 ], [ 29.917808, -1.593848 ], [ 29.920899, -1.593424 ], [ 29.922164, -1.591708 ], [ 29.928452, -1.593219 ], [ 29.93614, -1.597568 ], [ 29.941626, -1.595122 ], [ 29.94307, -1.596502 ], [ 29.943952, -1.595731 ] ] ] } },
{ "type": "Feature", "properties": { "admin_name": "Gicumbi", "tiles": 8.0, "tests": 32.0, "devices": 10.0, "pop_weight": 8478.2957305908203, "area_km2": 2.9890930939674911, "d_mean_tile": 44.5185, "d_median_tile": 32.675, "d_mean_pop": 43.370616624287628, "d_median_pop": 32.80558572385543, "d_p10_pop": 6.4478519854800389, "d_p90_pop": 83.542884044387762, "u_median_pop": 4.8773418248892142, "lat_median_pop": 19.045563118875627, "pct_above_bb": 82.345077413957426, "pct_above_hi": 82.345077413957426, "divide_ratio": 12.956700034758637, "pop_total": 485128.83320236206, "pop_covered": 8478.2957305908203, "pop_coverage_pct": 1.7476379778594326, "level": "ADM2" }, "geometry": { "type": "Polygon", "coordinates": [ [ [ 30.247774, -1.845749 ], [ 30.256078, -1.841606 ], [ 30.260321, -1.828661 ], [ 30.264057, -1.827975 ], [ 30.271133, -1.83157 ], [ 30.275624, -1.830469 ], [ 30.271263, -1.817266 ], [ 30.275096, -1.806982 ], [ 30.274188, -1.795343 ], [ 30.263406, -1.781209 ], [ 30.255942, -1.762994 ], [ 30.253257, -1.74525 ], [ 30.254822, -1.737907 ], [ 30.252242, -1.727723 ], [ 30.247091, -1.72198 ], [ 30.247772, -1.718521 ], [ 30.26296, -1.708498 ], [ 30.256716, -1.696573 ], [ 30.252383, -1.692081 ], [ 30.252415, -1.686932 ], [ 30.246067, -1.680359 ], [ 30.242367, -1.673971 ], [ 30.230511, -1.669902 ], [ 30.227389, -1.667413 ], [ 30.227048, -1.661751 ], [ 30.223559, -1.654072 ], [ 30.224027, -1.650787 ], [ 30.220037, -1.652236 ], [ 30.216562, -1.650231 ], [ 30.216138, -1.644406 ], [ 30.210639, -1.638434 ], [ 30.211095, -1.633223 ], [ 30.208164, -1.627573 ], [ 30.206, -1.62688 ], [ 30.201374, -1.628581 ], [ 30.197232, -1.624228 ], [ 30.194093, -1.625568 ], [ 30.189459, -1.613062 ], [ 30.182846, -1.60581 ], [ 30.176501, -1.594556 ], [ 30.176193, -1.591507 ], [ 30.170673, -1.583878 ], [ 30.169774, -1.569267 ], [ 30.16763, -1.562808 ], [ 30.163239, -1.555978 ], [ 30.162488, -1.54292 ], [ 30.164159, -1.537282 ], [ 30.167016, -1.534316 ], [ 30.173579, -1.533304 ], [ 30.178087, -1.530966 ], [ 30.18133, -1.518775 ], [ 30.179344, -1.517343 ], [ 30.176413, -1.518585 ], [ 30.171441, -1.517674 ], [ 30.15931, -1.520022 ], [ 30.156477, -1.519354 ], [ 30.150658, -1.522164 ], [ 30.148338, -1.527135 ], [ 30.144501, -1.52929 ], [ 30.139941, -1.526868 ], [ 30.13845, -1.516583 ], [ 30.143013, -1.514923 ], [ 30.14529, -1.515748 ], [ 30.145544, -1.514123 ], [ 30.142161, -1.50275 ], [ 30.13378, -1.494747 ], [ 30.136571, -1.491022 ], [ 30.13379, -1.481896 ], [ 30.129215, -1.47837 ], [ 30.126013, -1.479391 ], [ 30.124669, -1.472677 ], [ 30.125829, -1.471817 ], [ 30.122445, -1.469112 ], [ 30.123593, -1.465689 ], [ 30.120219, -1.461727 ], [ 30.117117, -1.452449 ], [ 30.114805, -1.450501 ], [ 30.115241, -1.44825 ], [ 30.111183, -1.446311 ], [ 30.110334, -1.443981 ], [ 30.108138, -1.443807 ], [ 30.106449, -1.440505 ], [ 30.106678, -1.436944 ], [ 30.099264, -1.434852 ], [ 30.100804, -1.433216 ], [ 30.098415, -1.425644 ], [ 30.095386, -1.426208 ], [ 30.092568, -1.420378 ], [ 30.093634, -1.412935 ], [ 30.091542, -1.41185 ], [ 30.082734, -1.413491 ], [ 30.083738, -1.407637 ], [ 30.082818, -1.403104 ], [ 30.075598, -1.392437 ], [ 30.07073, -1.39191 ], [ 30.051389, -1.398133 ], [ 30.054149, -1.41241 ], [ 30.053958, -1.418026 ], [ 30.055862, -1.421338 ], [ 30.054301, -1.429675 ], [ 30.052911, -1.431084 ], [ 30.042499, -1.427239 ], [ 30.036979, -1.420881 ], [ 30.025805, -1.417474 ], [ 30.024206, -1.415113 ], [ 30.013336, -1.420081 ], [ 30.00873, -1.428533 ], [ 30.003171, -1.431141 ], [ 29.996699, -1.446389 ], [ 29.990608, -1.450329 ], [ 29.98701, -1.450691 ], [ 29.982712, -1.454159 ], [ 29.985889, -1.461026 ], [ 29.988181, -1.462147 ], [ 29.983918, -1.465415 ], [ 29.984697, -1.468036 ], [ 29.980388, -1.46982 ], [ 29.979941, -1.476258 ], [ 29.983423, -1.486119 ], [ 29.976534, -1.489893 ], [ 29.975883, -1.492971 ], [ 29.980708, -1.501469 ], [ 29.98523, -1.500932 ], [ 29.988434, -1.502256 ], [ 29.99344, -1.500783 ], [ 29.995506, -1.509605 ], [ 29.99358, -1.513121 ], [ 29.989573, -1.514833 ], [ 29.982779, -1.521281 ], [ 29.979297, -1.521167 ], [ 29.975082, -1.517881 ], [ 29.969391, -1.518234 ], [ 29.9668, -1.525723 ], [ 29.963887, -1.527185 ], [ 29.961611, -1.526275 ], [ 29.961451, -1.527734 ], [ 29.966492, -1.537152 ], [ 29.966446, -1.539841 ], [ 29.969821, -1.540766 ], [ 29.970694, -1.53619 ], [ 29.972637, -1.537753 ], [ 29.974128, -1.543727 ], [ 29.979396, -1.545494 ], [ 29.98209, -1.550698 ], [ 29.989836, -1.556504 ], [ 29.99458, -1.562422 ], [ 29.997563, -1.568948 ], [ 29.996405, -1.56796 ], [ 29.991051, -1.56903 ], [ 29.972688, -1.586804 ], [ 29.971454, -1.569746 ], [ 29.964254, -1.574317 ], [ 29.955869, -1.565442 ], [ 29.951119, -1.576511 ], [ 29.951297, -1.582669 ], [ 29.954499, -1.593102 ], [ 29.951784, -1.595375 ], [ 29.947661, -1.593586 ], [ 29.948972, -1.597487 ], [ 29.943952, -1.595731 ], [ 29.950538, -1.604152 ], [ 29.957808, -1.607283 ], [ 29.959586, -1.611396 ], [ 29.958293, -1.61474 ], [ 29.963053, -1.616926 ], [ 29.966614, -1.620497 ], [ 29.967333, -1.62884 ], [ 29.974569, -1.639178 ], [ 29.978552, -1.639101 ], [ 29.978861, -1.636297 ], [ 29.982641, -1.632318 ], [ 29.986808, -1.633528 ], [ 29.993928, -1.641267 ], [ 29.999887, -1.661482 ], [ 30.007277, -1.651777 ], [ 30.014082, -1.654284 ], [ 30.018101, -1.654092 ], [ 30.016172, -1.6471 ], [ 30.013144, -1.64298 ], [ 30.013953, -1.631192 ], [ 30.010499, -1.622618 ], [ 30.012453, -1.619373 ], [ 30.019378, -1.616346 ], [ 30.022447, -1.610546 ], [ 30.032219, -1.605325 ], [ 30.034929, -1.601946 ], [ 30.041248, -1.611043 ], [ 30.048981, -1.616497 ], [ 30.053173, -1.617849 ], [ 30.062242, -1.633798 ], [ 30.066539, -1.637173 ], [ 30.071256, -1.645665 ], [ 30.076356, -1.651002 ], [ 30.071692, -1.652184 ], [ 30.063285, -1.659521 ], [ 30.060514, -1.658905 ], [ 30.061909, -1.661112 ], [ 30.055534, -1.665851 ], [ 30.054958, -1.667985 ], [ 30.057751, -1.672343 ], [ 30.056391, -1.67381 ], [ 30.058333, -1.674488 ], [ 30.063398, -1.687241 ], [ 30.066503, -1.688108 ], [ 30.072133, -1.696806 ], [ 30.073223, -1.701452 ], [ 30.078486, -1.70514 ], [ 30.081694, -1.714256 ], [ 30.08341, -1.714934 ], [ 30.083926, -1.716995 ], [ 30.0815, -1.722135 ], [ 30.076933, -1.725932 ], [ 30.075873, -1.732903 ], [ 30.081789, -1.740048 ], [ 30.082143, -1.743649 ], [ 30.086195, -1.751362 ], [ 30.084399, -1.756471 ], [ 30.090946, -1.761845 ], [ 30.093836, -1.767819 ], [ 30.097824, -1.769699 ], [ 30.099186, -1.77272 ], [ 30.113289, -1.775254 ], [ 30.118902, -1.771222 ], [ 30.126493, -1.772071 ], [ 30.129972, -1.777648 ], [ 30.132959, -1.779602 ], [ 30.132881, -1.783862 ], [ 30.13934, -1.779715 ], [ 30.142603, -1.78072 ], [ 30.14617, -1.791271 ], [ 30.147859, -1.792689 ], [ 30.156797, -1.792072 ], [ 30.160546, -1.789927 ], [ 30.165687, -1.791949 ], [ 30.172579, -1.797159 ], [ 30.175771, -1.802341 ], [ 30.181969, -1.805401 ], [ 30.189899, -1.813337 ], [ 30.1919, -1.817384 ], [ 30.196809, -1.821155 ], [ 30.20353, -1.83074 ], [ 30.213314, -1.835384 ], [ 30.218379, -1.841464 ], [ 30.23554, -1.845787 ], [ 30.247774, -1.845749 ] ] ] } },
{ "type": "Feature", "properties": { "admin_name": "Rwamagana", "tiles": 95.0, "tests": 651.0, "devices": 118.0, "pop_weight": 95707.439025878906, "area_km2": 35.482171499022385, "d_mean_tile": 30.241147368421057, "d_median_tile": 20.806, "d_mean_pop": 27.852778268319017, "d_median_pop": 20.513260699398433, "d_p10_pop": 1.9577313858897407, "d_p90_pop": 55.906465850587239, "u_median_pop": 5.1864318702265875, "lat_median_pop": 22.953003007056012, "pct_above_bb": 74.92775706709358, "pct_above_hi": 40.196105866735479, "divide_ratio": 28.556760265238903, "pop_total": 521203.89823102951, "pop_covered": 95707.439025878906, "pop_coverage_pct": 18.362763469481095, "level": "ADM2" }, "geometry": { "type": "Polygon", "coordinates": [ [ [ 30.235915, -1.981243 ], [ 30.236822, -1.983122 ], [ 30.234016, -2.000514 ], [ 30.229974, -2.012064 ], [ 30.228658, -2.043306 ], [ 30.226278, -2.05161 ], [ 30.223196, -2.054183 ], [ 30.223881, -2.055658 ], [ 30.220593, -2.060653 ], [ 30.222049, -2.066197 ], [ 30.228853, -2.06801 ], [ 30.231664, -2.070654 ], [ 30.233213, -2.068765 ], [ 30.236984, -2.071251 ], [ 30.238254, -2.068685 ], [ 30.241631, -2.075111 ], [ 30.244863, -2.07365 ], [ 30.241999, -2.077353 ], [ 30.245257, -2.082802 ], [ 30.24444, -2.085173 ], [ 30.246223, -2.086996 ], [ 30.244591, -2.090388 ], [ 30.24966, -2.090891 ], [ 30.246213, -2.094916 ], [ 30.248226, -2.09652 ], [ 30.247857, -2.098208 ], [ 30.253013, -2.100215 ], [ 30.252349, -2.10241 ], [ 30.24984, -2.102009 ], [ 30.253313, -2.106781 ], [ 30.252848, -2.107867 ], [ 30.260727, -2.106286 ], [ 30.263311, -2.109685 ], [ 30.269027, -2.112599 ], [ 30.270681, -2.12291 ], [ 30.267463, -2.122561 ], [ 30.270081, -2.124852 ], [ 30.265787, -2.125284 ], [ 30.265221, -2.126895 ], [ 30.267931, -2.127821 ], [ 30.267929, -2.131901 ], [ 30.266287, -2.133271 ], [ 30.270342, -2.132617 ], [ 30.280769, -2.131011 ], [ 30.283501, -2.12331 ], [ 30.297349, -2.118802 ], [ 30.368277, -2.078398 ], [ 30.394975, -2.07947 ], [ 30.409054, -2.085742 ], [ 30.435405, -2.082695 ], [ 30.446941, -2.0785 ], [ 30.446564, -2.075491 ], [ 30.449269, -2.066767 ], [ 30.45412, -2.059958 ], [ 30.461792, -2.055815 ], [ 30.466186, -2.055484 ], [ 30.477821, -2.058659 ], [ 30.482954, -2.053617 ], [ 30.48414, -2.048867 ], [ 30.483116, -2.039786 ], [ 30.485384, -2.031295 ], [ 30.485852, -2.021804 ], [ 30.483706, -2.009984 ], [ 30.477756, -2.003872 ], [ 30.475054, -1.998644 ], [ 30.4715, -1.984729 ], [ 30.468811, -1.964368 ], [ 30.470973, -1.956863 ], [ 30.469332, -1.944727 ], [ 30.470361, -1.934517 ], [ 30.466734, -1.92225 ], [ 30.459211, -1.91158 ], [ 30.458815, -1.906825 ], [ 30.461473, -1.902916 ], [ 30.458978, -1.893364 ], [ 30.46139, -1.885774 ], [ 30.463622, -1.886503 ], [ 30.465697, -1.88497 ], [ 30.471299, -1.888455 ], [ 30.478351, -1.890369 ], [ 30.482554, -1.88799 ], [ 30.487102, -1.872297 ], [ 30.486325, -1.868723 ], [ 30.488901, -1.859109 ], [ 30.472411, -1.845336 ], [ 30.462212, -1.840959 ], [ 30.450391, -1.840458 ], [ 30.430595, -1.84316 ], [ 30.419767, -1.846424 ], [ 30.399487, -1.85631 ], [ 30.384498, -1.866779 ], [ 30.375876, -1.869404 ], [ 30.366664, -1.869404 ], [ 30.359084, -1.874338 ], [ 30.353021, -1.875968 ], [ 30.339753, -1.869941 ], [ 30.331354, -1.86273 ], [ 30.320228, -1.858423 ], [ 30.299059, -1.829208 ], [ 30.294277, -1.824833 ], [ 30.286368, -1.824148 ], [ 30.275624, -1.830469 ], [ 30.271133, -1.83157 ], [ 30.264057, -1.827975 ], [ 30.260321, -1.828661 ], [ 30.256078, -1.841606 ], [ 30.247774, -1.845749 ], [ 30.249165, -1.852356 ], [ 30.247571, -1.857422 ], [ 30.250568, -1.857171 ], [ 30.263207, -1.862367 ], [ 30.26523, -1.864939 ], [ 30.260815, -1.868691 ], [ 30.260297, -1.873615 ], [ 30.258167, -1.875661 ], [ 30.25809, -1.894405 ], [ 30.266514, -1.896508 ], [ 30.272942, -1.900107 ], [ 30.271048, -1.902963 ], [ 30.270679, -1.9084 ], [ 30.276623, -1.926546 ], [ 30.27715, -1.934159 ], [ 30.270482, -1.945197 ], [ 30.267423, -1.947885 ], [ 30.265224, -1.953372 ], [ 30.254064, -1.951379 ], [ 30.2431, -1.954729 ], [ 30.23398, -1.961507 ], [ 30.23177, -1.968472 ], [ 30.232828, -1.976321 ], [ 30.235915, -1.981243 ] ] ] } },
{ "type": "Feature", "properties": { "admin_name": "Nyagatare", "tiles": 18.0, "tests": 91.0, "devices": 19.0, "pop_weight": 22785.147270202637, "area_km2": 6.7271932712040892, "d_mean_tile": 19.126055555555556, "d_median_tile": 9.6025, "d_mean_pop": 16.744081006036623, "d_median_pop": 9.1485907034852101, "d_p10_pop": 0.84907350553878103, "d_p90_pop": 50.776873473083775, "u_median_pop": 3.9179587242491576, "lat_median_pop": 25.224926504225039, "pct_above_bb": 44.759771088119287, "pct_above_hi": 22.837944951852563, "divide_ratio": 59.802682738125512, "pop_total": 704802.8052075326, "pop_covered": 23819.940116882324, "pop_coverage_pct": 3.3796602313278856, "level": "ADM2" }, "geometry": { "type": "Polygon", "coordinates": [ [ [ 30.18133, -1.518775 ], [ 30.184151, -1.517889 ], [ 30.185457, -1.51559 ], [ 30.191099, -1.515263 ], [ 30.194152, -1.512809 ], [ 30.194111, -1.511268 ], [ 30.197426, -1.508059 ], [ 30.195291, -1.503501 ], [ 30.195879, -1.500378 ], [ 30.199377, -1.497926 ], [ 30.204614, -1.498823 ], [ 30.2098, -1.494873 ], [ 30.215681, -1.49788 ], [ 30.220482, -1.493073 ], [ 30.224865, -1.492473 ], [ 30.227539, -1.495172 ], [ 30.234744, -1.490728 ], [ 30.245289, -1.48801 ], [ 30.247589, -1.489616 ], [ 30.247898, -1.485371 ], [ 30.255562, -1.484677 ], [ 30.256767, -1.482248 ], [ 30.25957, -1.484843 ], [ 30.261804, -1.48413 ], [ 30.266986, -1.485672 ], [ 30.274628, -1.496157 ], [ 30.274494, -1.504437 ], [ 30.271962, -1.510815 ], [ 30.272697, -1.513445 ], [ 30.275236, -1.515149 ], [ 30.279429, -1.515267 ], [ 30.280551, -1.519235 ], [ 30.290655, -1.523614 ], [ 30.297252, -1.528372 ], [ 30.312002, -1.532062 ], [ 30.316012, -1.531914 ], [ 30.318283, -1.524433 ], [ 30.326901, -1.508429 ], [ 30.334292, -1.50258 ], [ 30.347027, -1.496517 ], [ 30.347576, -1.513006 ], [ 30.345741, -1.526275 ], [ 30.347449, -1.542273 ], [ 30.345426, -1.545886 ], [ 30.366542, -1.545203 ], [ 30.380858, -1.542847 ], [ 30.392701, -1.547944 ], [ 30.394435, -1.547291 ], [ 30.397091, -1.535598 ], [ 30.403305, -1.522933 ], [ 30.404323, -1.507929 ], [ 30.407749, -1.501129 ], [ 30.404992, -1.481989 ], [ 30.415822, -1.485388 ], [ 30.430802, -1.484393 ], [ 30.433387, -1.481767 ], [ 30.433851, -1.477326 ], [ 30.437224, -1.477773 ], [ 30.44374, -1.475594 ], [ 30.447673, -1.47084 ], [ 30.453211, -1.468384 ], [ 30.458082, -1.46834 ], [ 30.462949, -1.471591 ], [ 30.468621, -1.485511 ], [ 30.472031, -1.489015 ], [ 30.50593, -1.48134 ], [ 30.510661, -1.478926 ], [ 30.524269, -1.478392 ], [ 30.552893, -1.46927 ], [ 30.739129, -1.458219 ], [ 30.738921, -1.454887 ], [ 30.741098, -1.452816 ], [ 30.737921, -1.445393 ], [ 30.735887, -1.449747 ], [ 30.685597, -1.399314 ], [ 30.67953, -1.395852 ], [ 30.678602, -1.393639 ], [ 30.629204, -1.384359 ], [ 30.613321, -1.349952 ], [ 30.574631, -1.339816 ], [ 30.568777, -1.337139 ], [ 30.566993, -1.326003 ], [ 30.563674, -1.323969 ], [ 30.558927, -1.314118 ], [ 30.558998, -1.31112 ], [ 30.554608, -1.306087 ], [ 30.559498, -1.296486 ], [ 30.558677, -1.292239 ], [ 30.56196, -1.291453 ], [ 30.562282, -1.28924 ], [ 30.559783, -1.287777 ], [ 30.556892, -1.274678 ], [ 30.552359, -1.272144 ], [ 30.552109, -1.252942 ], [ 30.545542, -1.245446 ], [ 30.540617, -1.234132 ], [ 30.533335, -1.225887 ], [ 30.530087, -1.21857 ], [ 30.524056, -1.212753 ], [ 30.5212, -1.204936 ], [ 30.522057, -1.200439 ], [ 30.514633, -1.192658 ], [ 30.512099, -1.181558 ], [ 30.508958, -1.175383 ], [ 30.509422, -1.171743 ], [ 30.505496, -1.169387 ], [ 30.501106, -1.163962 ], [ 30.496144, -1.162998 ], [ 30.491397, -1.160107 ], [ 30.484901, -1.159465 ], [ 30.477585, -1.161321 ], [ 30.470732, -1.157537 ], [ 30.469554, -1.151969 ], [ 30.470732, -1.147793 ], [ 30.467734, -1.139763 ], [ 30.469304, -1.137336 ], [ 30.470054, -1.129305 ], [ 30.475407, -1.1252 ], [ 30.47655, -1.122131 ], [ 30.472659, -1.118847 ], [ 30.459096, -1.117705 ], [ 30.453171, -1.103678 ], [ 30.451244, -1.088902 ], [ 30.452922, -1.086225 ], [ 30.452672, -1.081585 ], [ 30.459025, -1.076731 ], [ 30.463772, -1.067772 ], [ 30.466948, -1.065773 ], [ 30.468091, -1.060562 ], [ 30.473057, -1.056804 ], [ 30.470582, -1.054825 ], [ 30.470354, -1.05254 ], [ 30.467099, -1.055167 ], [ 30.467518, -1.052217 ], [ 30.460417, -1.052883 ], [ 30.457143, -1.050009 ], [ 30.450756, -1.048452 ], [ 30.449985, -1.049565 ], [ 30.447915, -1.047167 ], [ 30.447743, -1.049822 ], [ 30.444902, -1.048237 ], [ 30.444617, -1.05025 ], [ 30.443917, -1.047881 ], [ 30.439306, -1.048266 ], [ 30.43725, -1.050308 ], [ 30.438078, -1.052635 ], [ 30.436836, -1.052549 ], [ 30.436636, -1.054791 ], [ 30.435451, -1.052049 ], [ 30.432353, -1.056218 ], [ 30.434894, -1.057118 ], [ 30.430197, -1.058445 ], [ 30.430454, -1.0621 ], [ 30.42857, -1.064285 ], [ 30.415235, -1.062414 ], [ 30.413379, -1.063628 ], [ 30.411323, -1.061872 ], [ 30.409853, -1.062871 ], [ 30.406184, -1.061386 ], [ 30.405013, -1.0632 ], [ 30.402886, -1.060915 ], [ 30.401644, -1.062043 ], [ 30.402415, -1.063071 ], [ 30.399274, -1.06397 ], [ 30.39926, -1.0622 ], [ 30.397989, -1.061886 ], [ 30.391593, -1.068382 ], [ 30.390965, -1.066726 ], [ 30.389166, -1.06724 ], [ 30.387481, -1.065855 ], [ 30.386325, -1.067368 ], [ 30.376931, -1.060858 ], [ 30.375118, -1.063942 ], [ 30.372077, -1.065684 ], [ 30.374632, -1.067611 ], [ 30.373975, -1.06971 ], [ 30.370835, -1.067968 ], [ 30.369493, -1.064484 ], [ 30.366123, -1.064756 ], [ 30.365752, -1.06684 ], [ 30.36184, -1.064799 ], [ 30.359013, -1.060316 ], [ 30.355773, -1.061501 ], [ 30.354488, -1.06437 ], [ 30.352089, -1.062229 ], [ 30.353117, -1.065741 ], [ 30.351004, -1.066612 ], [ 30.352318, -1.068853 ], [ 30.348948, -1.069596 ], [ 30.348463, -1.072208 ], [ 30.350947, -1.076234 ], [ 30.350933, -1.079304 ], [ 30.348677, -1.080674 ], [ 30.348706, -1.086799 ], [ 30.344151, -1.088698 ], [ 30.340696, -1.092467 ], [ 30.33854, -1.100564 ], [ 30.339683, -1.101378 ], [ 30.338369, -1.106518 ], [ 30.339925, -1.108773 ], [ 30.342053, -1.124635 ], [ 30.344622, -1.131488 ], [ 30.341125, -1.130188 ], [ 30.3348, -1.131288 ], [ 30.329275, -1.135571 ], [ 30.323236, -1.137098 ], [ 30.317811, -1.141025 ], [ 30.313713, -1.141767 ], [ 30.313056, -1.143323 ], [ 30.307217, -1.144779 ], [ 30.29758, -1.158514 ], [ 30.297381, -1.168022 ], [ 30.293055, -1.176232 ], [ 30.291294, -1.18525 ], [ 30.292317, -1.189319 ], [ 30.284084, -1.19572 ], [ 30.278159, -1.198052 ], [ 30.275637, -1.209687 ], [ 30.273591, -1.21121 ], [ 30.270712, -1.210663 ], [ 30.265072, -1.212519 ], [ 30.253675, -1.220157 ], [ 30.252699, -1.224773 ], [ 30.245775, -1.232554 ], [ 30.243066, -1.241065 ], [ 30.233065, -1.248532 ], [ 30.2308, -1.254357 ], [ 30.226745, -1.255994 ], [ 30.221682, -1.260581 ], [ 30.219264, -1.266273 ], [ 30.212868, -1.269795 ], [ 30.210793, -1.276134 ], [ 30.205235, -1.272936 ], [ 30.198135, -1.27404 ], [ 30.198059, -1.280835 ], [ 30.191434, -1.281901 ], [ 30.18856, -1.276267 ], [ 30.187741, -1.271051 ], [ 30.171256, -1.272993 ], [ 30.171428, -1.284376 ], [ 30.175063, -1.301737 ], [ 30.165755, -1.306762 ], [ 30.16566, -1.313253 ], [ 30.161643, -1.318126 ], [ 30.164403, -1.327225 ], [ 30.162405, -1.334973 ], [ 30.170057, -1.345195 ], [ 30.152716, -1.35121 ], [ 30.144511, -1.35102 ], [ 30.138858, -1.355855 ], [ 30.13762, -1.361604 ], [ 30.132956, -1.36326 ], [ 30.129264, -1.36286 ], [ 30.127722, -1.368 ], [ 30.124866, -1.371445 ], [ 30.123382, -1.384409 ], [ 30.11828, -1.384903 ], [ 30.112703, -1.376851 ], [ 30.10368, -1.371978 ], [ 30.098102, -1.376204 ], [ 30.095361, -1.375062 ], [ 30.089232, -1.375576 ], [ 30.08611, -1.373063 ], [ 30.082341, -1.372949 ], [ 30.070386, -1.381191 ], [ 30.07073, -1.39191 ], [ 30.075598, -1.392437 ], [ 30.082818, -1.403104 ], [ 30.083738, -1.407637 ], [ 30.082734, -1.413491 ], [ 30.091542, -1.41185 ], [ 30.093634, -1.412935 ], [ 30.092568, -1.420378 ], [ 30.095386, -1.426208 ], [ 30.098415, -1.425644 ], [ 30.100804, -1.433216 ], [ 30.099264, -1.434852 ], [ 30.106678, -1.436944 ], [ 30.106449, -1.440505 ], [ 30.108138, -1.443807 ], [ 30.110334, -1.443981 ], [ 30.111183, -1.446311 ], [ 30.115241, -1.44825 ], [ 30.114805, -1.450501 ], [ 30.117117, -1.452449 ], [ 30.120219, -1.461727 ], [ 30.123593, -1.465689 ], [ 30.122445, -1.469112 ], [ 30.125829, -1.471817 ], [ 30.124669, -1.472677 ], [ 30.126013, -1.479391 ], [ 30.129215, -1.47837 ], [ 30.13379, -1.481896 ], [ 30.136571, -1.491022 ], [ 30.13378, -1.494747 ], [ 30.142161, -1.50275 ], [ 30.145544, -1.514123 ], [ 30.14529, -1.515748 ], [ 30.143013, -1.514923 ], [ 30.13845, -1.516583 ], [ 30.139941, -1.526868 ], [ 30.144501, -1.52929 ], [ 30.148338, -1.527135 ], [ 30.150658, -1.522164 ], [ 30.156477, -1.519354 ], [ 30.15931, -1.520022 ], [ 30.171441, -1.517674 ], [ 30.176413, -1.518585 ], [ 30.179344, -1.517343 ], [ 30.18133, -1.518775 ] ] ] } },
{ "type": "Feature", "properties": { "admin_name": "Gatsibo", "tiles": 42.0, "tests": 231.0, "devices": 48.0, "pop_weight": 36301.848411560066, "area_km2": 15.691811577432384, "d_mean_tile": 28.751833333333337, "d_median_tile": 21.061, "d_mean_pop": 35.422495703558042, "d_median_pop": 27.847272291685734, "d_p10_pop": 1.606857643786284, "d_p90_pop": 95.084801667017715, "u_median_pop": 4.8791799119222077, "lat_median_pop": 22.984996955103547, "pct_above_bb": 67.189101835242681, "pct_above_hi": 51.55480551240521, "divide_ratio": 59.174378038222919, "pop_total": 595310.71916378208, "pop_covered": 35267.055564880371, "pop_coverage_pct": 5.924142540960645, "level": "ADM2" }, "geometry": { "type": "Polygon", "coordinates": [ [ [ 30.275624, -1.830469 ], [ 30.286368, -1.824148 ], [ 30.294277, -1.824833 ], [ 30.299059, -1.829208 ], [ 30.320228, -1.858423 ], [ 30.331354, -1.86273 ], [ 30.339753, -1.869941 ], [ 30.353021, -1.875968 ], [ 30.359084, -1.874338 ], [ 30.366664, -1.869404 ], [ 30.375876, -1.869404 ], [ 30.384498, -1.866779 ], [ 30.399487, -1.85631 ], [ 30.419767, -1.846424 ], [ 30.428601, -1.829222 ], [ 30.445961, -1.809661 ], [ 30.449236, -1.800212 ], [ 30.448058, -1.788498 ], [ 30.449219, -1.775473 ], [ 30.459144, -1.76654 ], [ 30.459946, -1.74508 ], [ 30.454098, -1.740075 ], [ 30.452619, -1.734794 ], [ 30.443378, -1.727256 ], [ 30.44481, -1.70973 ], [ 30.452126, -1.698936 ], [ 30.459401, -1.682562 ], [ 30.464588, -1.676996 ], [ 30.465709, -1.673942 ], [ 30.478489, -1.670769 ], [ 30.485963, -1.671909 ], [ 30.488648, -1.673771 ], [ 30.493249, -1.667638 ], [ 30.496636, -1.666563 ], [ 30.508047, -1.666563 ], [ 30.514756, -1.663706 ], [ 30.526093, -1.664264 ], [ 30.52988, -1.662046 ], [ 30.52777, -1.657073 ], [ 30.519182, -1.654067 ], [ 30.515923, -1.643581 ], [ 30.558788, -1.626614 ], [ 30.638208, -1.599708 ], [ 30.839152, -1.650839 ], [ 30.745988, -1.522059 ], [ 30.746309, -1.519667 ], [ 30.744382, -1.517919 ], [ 30.739129, -1.458219 ], [ 30.552893, -1.46927 ], [ 30.524269, -1.478392 ], [ 30.510661, -1.478926 ], [ 30.50593, -1.48134 ], [ 30.472031, -1.489015 ], [ 30.468621, -1.485511 ], [ 30.462949, -1.471591 ], [ 30.458082, -1.46834 ], [ 30.453211, -1.468384 ], [ 30.447673, -1.47084 ], [ 30.44374, -1.475594 ], [ 30.437224, -1.477773 ], [ 30.433851, -1.477326 ], [ 30.433387, -1.481767 ], [ 30.430802, -1.484393 ], [ 30.415822, -1.485388 ], [ 30.404992, -1.481989 ], [ 30.407749, -1.501129 ], [ 30.404323, -1.507929 ], [ 30.403305, -1.522933 ], [ 30.397091, -1.535598 ], [ 30.394435, -1.547291 ], [ 30.392701, -1.547944 ], [ 30.380858, -1.542847 ], [ 30.366542, -1.545203 ], [ 30.345426, -1.545886 ], [ 30.347449, -1.542273 ], [ 30.345741, -1.526275 ], [ 30.347576, -1.513006 ], [ 30.347027, -1.496517 ], [ 30.334292, -1.50258 ], [ 30.326901, -1.508429 ], [ 30.318283, -1.524433 ], [ 30.316012, -1.531914 ], [ 30.312002, -1.532062 ], [ 30.297252, -1.528372 ], [ 30.290655, -1.523614 ], [ 30.280551, -1.519235 ], [ 30.279429, -1.515267 ], [ 30.275236, -1.515149 ], [ 30.272697, -1.513445 ], [ 30.271962, -1.510815 ], [ 30.274494, -1.504437 ], [ 30.274628, -1.496157 ], [ 30.266986, -1.485672 ], [ 30.261804, -1.48413 ], [ 30.25957, -1.484843 ], [ 30.256767, -1.482248 ], [ 30.255562, -1.484677 ], [ 30.247898, -1.485371 ], [ 30.247589, -1.489616 ], [ 30.245289, -1.48801 ], [ 30.234744, -1.490728 ], [ 30.227539, -1.495172 ], [ 30.224865, -1.492473 ], [ 30.220482, -1.493073 ], [ 30.215681, -1.49788 ], [ 30.2098, -1.494873 ], [ 30.204614, -1.498823 ], [ 30.199377, -1.497926 ], [ 30.195879, -1.500378 ], [ 30.195291, -1.503501 ], [ 30.197426, -1.508059 ], [ 30.194111, -1.511268 ], [ 30.194152, -1.512809 ], [ 30.191099, -1.515263 ], [ 30.185457, -1.51559 ], [ 30.184151, -1.517889 ], [ 30.18133, -1.518775 ], [ 30.178087, -1.530966 ], [ 30.173579, -1.533304 ], [ 30.167016, -1.534316 ], [ 30.164159, -1.537282 ], [ 30.162488, -1.54292 ], [ 30.163239, -1.555978 ], [ 30.16763, -1.562808 ], [ 30.169774, -1.569267 ], [ 30.170673, -1.583878 ], [ 30.176193, -1.591507 ], [ 30.176501, -1.594556 ], [ 30.182846, -1.60581 ], [ 30.189459, -1.613062 ], [ 30.194093, -1.625568 ], [ 30.197232, -1.624228 ], [ 30.201374, -1.628581 ], [ 30.206, -1.62688 ], [ 30.208164, -1.627573 ], [ 30.211095, -1.633223 ], [ 30.210639, -1.638434 ], [ 30.216138, -1.644406 ], [ 30.216562, -1.650231 ], [ 30.220037, -1.652236 ], [ 30.224027, -1.650787 ], [ 30.223559, -1.654072 ], [ 30.227048, -1.661751 ], [ 30.227389, -1.667413 ], [ 30.230511, -1.669902 ], [ 30.242367, -1.673971 ], [ 30.246067, -1.680359 ], [ 30.252415, -1.686932 ], [ 30.252383, -1.692081 ], [ 30.256716, -1.696573 ], [ 30.26296, -1.708498 ], [ 30.247772, -1.718521 ], [ 30.247091, -1.72198 ], [ 30.252242, -1.727723 ], [ 30.254822, -1.737907 ], [ 30.253257, -1.74525 ], [ 30.255942, -1.762994 ], [ 30.263406, -1.781209 ], [ 30.274188, -1.795343 ], [ 30.275096, -1.806982 ], [ 30.271263, -1.817266 ], [ 30.275624, -1.830469 ] ] ] } },
{ "type": "Feature", "properties": { "admin_name": "Kayonza", "tiles": 42.0, "tests": 125.0, "devices": 47.0, "pop_weight": 49612.662515640259, "area_km2": 15.686521013963182, "d_mean_tile": 35.8505, "d_median_tile": 27.1675, "d_mean_pop": 33.910863882311538, "d_median_pop": 22.523872006288805, "d_p10_pop": 3.2731538539519844, "d_p90_pop": 69.117188652543661, "u_median_pop": 5.1447361104852956, "lat_median_pop": 23.924034077155369, "pct_above_bb": 73.269701597716903, "pct_above_hi": 48.871744525743445, "divide_ratio": 21.116388577057574, "pop_total": 495962.18968729122, "pop_covered": 49612.662515640259, "pop_coverage_pct": 10.003315483972983, "level": "ADM2" }, "geometry": { "type": "Polygon", "coordinates": [ [ [ 30.482954, -2.053617 ], [ 30.48743, -2.05287 ], [ 30.502546, -2.045524 ], [ 30.506961, -2.04687 ], [ 30.516179, -2.058653 ], [ 30.524042, -2.062908 ], [ 30.529025, -2.063716 ], [ 30.534915, -2.060464 ], [ 30.540724, -2.054534 ], [ 30.545031, -2.054981 ], [ 30.550049, -2.053424 ], [ 30.554578, -2.053564 ], [ 30.558459, -2.055504 ], [ 30.561016, -2.060081 ], [ 30.560096, -2.062626 ], [ 30.561831, -2.064137 ], [ 30.567249, -2.064112 ], [ 30.568881, -2.062368 ], [ 30.575725, -2.060749 ], [ 30.57908, -2.061187 ], [ 30.581109, -2.066208 ], [ 30.575041, -2.081876 ], [ 30.574389, -2.087815 ], [ 30.576124, -2.092156 ], [ 30.587005, -2.091813 ], [ 30.589191, -2.094392 ], [ 30.597225, -2.096752 ], [ 30.600757, -2.096254 ], [ 30.602688, -2.100152 ], [ 30.606582, -2.101536 ], [ 30.607692, -2.097987 ], [ 30.609213, -2.098393 ], [ 30.611715, -2.100454 ], [ 30.608874, -2.108885 ], [ 30.609166, -2.114179 ], [ 30.619768, -2.113856 ], [ 30.628435, -2.124998 ], [ 30.633285, -2.12312 ], [ 30.639649, -2.123445 ], [ 30.646439, -2.119413 ], [ 30.655738, -2.118965 ], [ 30.656058, -2.115862 ], [ 30.660676, -2.117499 ], [ 30.663835, -2.113837 ], [ 30.668182, -2.114804 ], [ 30.670342, -2.113172 ], [ 30.674835, -2.112837 ], [ 30.6773, -2.102765 ], [ 30.679073, -2.102192 ], [ 30.680595, -2.098643 ], [ 30.680132, -2.093248 ], [ 30.683858, -2.088332 ], [ 30.68844, -2.085164 ], [ 30.693677, -2.082437 ], [ 30.691546, -2.090789 ], [ 30.696155, -2.091858 ], [ 30.707265, -2.086191 ], [ 30.708785, -2.075483 ], [ 30.708193, -2.067794 ], [ 30.71092, -2.05926 ], [ 30.709112, -2.057703 ], [ 30.718171, -2.050624 ], [ 30.723993, -2.047438 ], [ 30.72534, -2.050915 ], [ 30.73311, -2.05097 ], [ 30.744293, -2.057372 ], [ 30.762786, -2.05282 ], [ 30.764226, -2.046212 ], [ 30.768444, -2.037741 ], [ 30.77599, -2.030568 ], [ 30.787074, -2.02296 ], [ 30.804275, -2.001941 ], [ 30.806429, -1.996869 ], [ 30.806554, -1.994811 ], [ 30.803442, -1.992598 ], [ 30.805284, -1.989443 ], [ 30.809583, -1.984713 ], [ 30.814486, -1.985563 ], [ 30.817843, -1.981117 ], [ 30.82287, -1.979163 ], [ 30.82778, -1.971525 ], [ 30.812123, -1.945587 ], [ 30.810695, -1.940174 ], [ 30.807929, -1.937705 ], [ 30.814294, -1.894399 ], [ 30.83104, -1.811385 ], [ 30.822206, -1.721293 ], [ 30.821462, -1.693245 ], [ 30.839152, -1.650839 ], [ 30.638208, -1.599708 ], [ 30.558788, -1.626614 ], [ 30.515923, -1.643581 ], [ 30.519182, -1.654067 ], [ 30.52777, -1.657073 ], [ 30.52988, -1.662046 ], [ 30.526093, -1.664264 ], [ 30.514756, -1.663706 ], [ 30.508047, -1.666563 ], [ 30.496636, -1.666563 ], [ 30.493249, -1.667638 ], [ 30.488648, -1.673771 ], [ 30.485963, -1.671909 ], [ 30.478489, -1.670769 ], [ 30.465709, -1.673942 ], [ 30.464588, -1.676996 ], [ 30.459401, -1.682562 ], [ 30.452126, -1.698936 ], [ 30.44481, -1.70973 ], [ 30.443378, -1.727256 ], [ 30.452619, -1.734794 ], [ 30.454098, -1.740075 ], [ 30.459946, -1.74508 ], [ 30.459144, -1.76654 ], [ 30.449219, -1.775473 ], [ 30.448058, -1.788498 ], [ 30.449236, -1.800212 ], [ 30.445961, -1.809661 ], [ 30.428601, -1.829222 ], [ 30.419767, -1.846424 ], [ 30.430595, -1.84316 ], [ 30.450391, -1.840458 ], [ 30.462212, -1.840959 ], [ 30.472411, -1.845336 ], [ 30.488901, -1.859109 ], [ 30.486325, -1.868723 ], [ 30.487102, -1.872297 ], [ 30.482554, -1.88799 ], [ 30.478351, -1.890369 ], [ 30.471299, -1.888455 ], [ 30.465697, -1.88497 ], [ 30.463622, -1.886503 ], [ 30.46139, -1.885774 ], [ 30.458978, -1.893364 ], [ 30.461473, -1.902916 ], [ 30.458815, -1.906825 ], [ 30.459211, -1.91158 ], [ 30.466734, -1.92225 ], [ 30.470361, -1.934517 ], [ 30.469332, -1.944727 ], [ 30.470973, -1.956863 ], [ 30.468811, -1.964368 ], [ 30.4715, -1.984729 ], [ 30.475054, -1.998644 ], [ 30.477756, -2.003872 ], [ 30.483706, -2.009984 ], [ 30.485852, -2.021804 ], [ 30.485384, -2.031295 ], [ 30.483116, -2.039786 ], [ 30.48414, -2.048867 ], [ 30.482954, -2.053617 ] ] ] } },
{ "type": "Feature", "properties": { "admin_name": "Kirehe", "tiles": 34.0, "tests": 272.0, "devices": 46.0, "pop_weight": 29981.017761230469, "area_km2": 12.693791074901871, "d_mean_tile": 41.885235294117649, "d_median_tile": 34.229, "d_mean_pop": 43.037104724901425, "d_median_pop": 35.916732736035343, "d_p10_pop": 8.5756503458034476, "d_p90_pop": 78.260071920746526, "u_median_pop": 5.8239153920929301, "lat_median_pop": 24.0, "pct_above_bb": 84.334658560151169, "pct_above_hi": 72.766350095034397, "divide_ratio": 9.1258468763297493, "pop_total": 497762.44090754329, "pop_covered": 29981.017761230469, "pop_coverage_pct": 6.0231578956756362, "level": "ADM2" }, "geometry": { "type": "Polygon", "coordinates": [ [ [ 30.655738, -2.118965 ], [ 30.658228, -2.131358 ], [ 30.656665, -2.14089 ], [ 30.654059, -2.144266 ], [ 30.644291, -2.145299 ], [ 30.639972, -2.148334 ], [ 30.641857, -2.150658 ], [ 30.652759, -2.155301 ], [ 30.656988, -2.159492 ], [ 30.65753, -2.162071 ], [ 30.66098, -2.165746 ], [ 30.66033, -2.167008 ], [ 30.644698, -2.186685 ], [ 30.640071, -2.188234 ], [ 30.636939, -2.191735 ], [ 30.628024, -2.182342 ], [ 30.623501, -2.185114 ], [ 30.622816, -2.187299 ], [ 30.618892, -2.1869 ], [ 30.615953, -2.199168 ], [ 30.608068, -2.200017 ], [ 30.603491, -2.202086 ], [ 30.601483, -2.204012 ], [ 30.601343, -2.207467 ], [ 30.591235, -2.207549 ], [ 30.587752, -2.209825 ], [ 30.583462, -2.209508 ], [ 30.581458, -2.219828 ], [ 30.574523, -2.227312 ], [ 30.570999, -2.234503 ], [ 30.581723, -2.232483 ], [ 30.585327, -2.236847 ], [ 30.58595, -2.245879 ], [ 30.587866, -2.250713 ], [ 30.581513, -2.254603 ], [ 30.576957, -2.262432 ], [ 30.574375, -2.264148 ], [ 30.560766, -2.266482 ], [ 30.557018, -2.271215 ], [ 30.554647, -2.277973 ], [ 30.546477, -2.286038 ], [ 30.532585, -2.292415 ], [ 30.519465, -2.295548 ], [ 30.512519, -2.299844 ], [ 30.507643, -2.299335 ], [ 30.507492, -2.298176 ], [ 30.50036, -2.294915 ], [ 30.496603, -2.288484 ], [ 30.49101, -2.287228 ], [ 30.485132, -2.294938 ], [ 30.486004, -2.303416 ], [ 30.484825, -2.308555 ], [ 30.466424, -2.312808 ], [ 30.459598, -2.320417 ], [ 30.46255, -2.324962 ], [ 30.458297, -2.333409 ], [ 30.459993, -2.338644 ], [ 30.457762, -2.344087 ], [ 30.459874, -2.347805 ], [ 30.469451, -2.35191 ], [ 30.468618, -2.362647 ], [ 30.4707, -2.3669 ], [ 30.477719, -2.369131 ], [ 30.483222, -2.366216 ], [ 30.485899, -2.367168 ], [ 30.489468, -2.377459 ], [ 30.494643, -2.378352 ], [ 30.499164, -2.384598 ], [ 30.508028, -2.390368 ], [ 30.510556, -2.401878 ], [ 30.520282, -2.405775 ], [ 30.533815, -2.405894 ], [ 30.538663, -2.411902 ], [ 30.542322, -2.414043 ], [ 30.544761, -2.414519 ], [ 30.550115, -2.41217 ], [ 30.565075, -2.416601 ], [ 30.568942, -2.42029 ], [ 30.57843, -2.418208 ], [ 30.584884, -2.414728 ], [ 30.591844, -2.406221 ], [ 30.596217, -2.40405 ], [ 30.600886, -2.40405 ], [ 30.607519, -2.400421 ], [ 30.613616, -2.404139 ], [ 30.623283, -2.401284 ], [ 30.630243, -2.404407 ], [ 30.640385, -2.405091 ], [ 30.644193, -2.410891 ], [ 30.652164, -2.41443 ], [ 30.658945, -2.413776 ], [ 30.663347, -2.410207 ], [ 30.664775, -2.405924 ], [ 30.669385, -2.404198 ], [ 30.673073, -2.398071 ], [ 30.680658, -2.394413 ], [ 30.688867, -2.38427 ], [ 30.690711, -2.378679 ], [ 30.691068, -2.37041 ], [ 30.695113, -2.364997 ], [ 30.703144, -2.363688 ], [ 30.708825, -2.359018 ], [ 30.715993, -2.356758 ], [ 30.722328, -2.361487 ], [ 30.731489, -2.364402 ], [ 30.73714, -2.37386 ], [ 30.741959, -2.377727 ], [ 30.750257, -2.381921 ], [ 30.762273, -2.383021 ], [ 30.765277, -2.385817 ], [ 30.765396, -2.391706 ], [ 30.767538, -2.392688 ], [ 30.776044, -2.389803 ], [ 30.781666, -2.391349 ], [ 30.780625, -2.385668 ], [ 30.783599, -2.383348 ], [ 30.783748, -2.379898 ], [ 30.785235, -2.378322 ], [ 30.787555, -2.378917 ], [ 30.79163, -2.37737 ], [ 30.79505, -2.372909 ], [ 30.796478, -2.367644 ], [ 30.805579, -2.364729 ], [ 30.809416, -2.367019 ], [ 30.818904, -2.364491 ], [ 30.826667, -2.356758 ], [ 30.835947, -2.344444 ], [ 30.835561, -2.338615 ], [ 30.838743, -2.329305 ], [ 30.843502, -2.325081 ], [ 30.849153, -2.324516 ], [ 30.853079, -2.321155 ], [ 30.857125, -2.313957 ], [ 30.856321, -2.311875 ], [ 30.852068, -2.313511 ], [ 30.851116, -2.312232 ], [ 30.851949, -2.306432 ], [ 30.849837, -2.301376 ], [ 30.853139, -2.294119 ], [ 30.853109, -2.274339 ], [ 30.845911, -2.258932 ], [ 30.846536, -2.251586 ], [ 30.842342, -2.240164 ], [ 30.844008, -2.231658 ], [ 30.84261, -2.227167 ], [ 30.846387, -2.224519 ], [ 30.846268, -2.219285 ], [ 30.843651, -2.216102 ], [ 30.845346, -2.213187 ], [ 30.844156, -2.205781 ], [ 30.849629, -2.200189 ], [ 30.852336, -2.187251 ], [ 30.85992, -2.179964 ], [ 30.858998, -2.177287 ], [ 30.860396, -2.173896 ], [ 30.858969, -2.169048 ], [ 30.862419, -2.163159 ], [ 30.861497, -2.155634 ], [ 30.865929, -2.148168 ], [ 30.866107, -2.144064 ], [ 30.868219, -2.140286 ], [ 30.876458, -2.135171 ], [ 30.876963, -2.125742 ], [ 30.874197, -2.120061 ], [ 30.886303, -2.103375 ], [ 30.886838, -2.093798 ], [ 30.891478, -2.094393 ], [ 30.893917, -2.091864 ], [ 30.895612, -2.08541 ], [ 30.89823, -2.083447 ], [ 30.899747, -2.078004 ], [ 30.89817, -2.070092 ], [ 30.89362, -2.067326 ], [ 30.884726, -2.052871 ], [ 30.881425, -2.050343 ], [ 30.877439, -2.049718 ], [ 30.878213, -2.043323 ], [ 30.876517, -2.037405 ], [ 30.863876, -2.031962 ], [ 30.82778, -1.971525 ], [ 30.82287, -1.979163 ], [ 30.817843, -1.981117 ], [ 30.814486, -1.985563 ], [ 30.809583, -1.984713 ], [ 30.805284, -1.989443 ], [ 30.803442, -1.992598 ], [ 30.806554, -1.994811 ], [ 30.806429, -1.996869 ], [ 30.804275, -2.001941 ], [ 30.787074, -2.02296 ], [ 30.77599, -2.030568 ], [ 30.768444, -2.037741 ], [ 30.764226, -2.046212 ], [ 30.762786, -2.05282 ], [ 30.744293, -2.057372 ], [ 30.73311, -2.05097 ], [ 30.72534, -2.050915 ], [ 30.723993, -2.047438 ], [ 30.718171, -2.050624 ], [ 30.709112, -2.057703 ], [ 30.71092, -2.05926 ], [ 30.708193, -2.067794 ], [ 30.708785, -2.075483 ], [ 30.707265, -2.086191 ], [ 30.696155, -2.091858 ], [ 30.691546, -2.090789 ], [ 30.693677, -2.082437 ], [ 30.68844, -2.085164 ], [ 30.683858, -2.088332 ], [ 30.680132, -2.093248 ], [ 30.680595, -2.098643 ], [ 30.679073, -2.102192 ], [ 30.6773, -2.102765 ], [ 30.674835, -2.112837 ], [ 30.670342, -2.113172 ], [ 30.668182, -2.114804 ], [ 30.663835, -2.113837 ], [ 30.660676, -2.117499 ], [ 30.656058, -2.115862 ], [ 30.655738, -2.118965 ] ] ] } },
{ "type": "Feature", "properties": { "admin_name": "Ngoma", "tiles": 62.0, "tests": 365.0, "devices": 80.0, "pop_weight": 52238.902412414551, "area_km2": 23.150570745920174, "d_mean_tile": 34.701338709677415, "d_median_tile": 22.0855, "d_mean_pop": 37.944672931866691, "d_median_pop": 23.306174832865153, "d_p10_pop": 8.2794505702597085, "d_p90_pop": 75.005701215060185, "u_median_pop": 7.2320769698034484, "lat_median_pop": 23.0, "pct_above_bb": 86.376488304537901, "pct_above_hi": 44.561129536092515, "divide_ratio": 9.059260705593827, "pop_total": 436585.43813614751, "pop_covered": 52238.902412414551, "pop_coverage_pct": 11.965333208416366, "level": "ADM2" }, "geometry": { "type": "Polygon", "coordinates": [ [ [ 30.270342, -2.132617 ], [ 30.266437, -2.138032 ], [ 30.269635, -2.137843 ], [ 30.266327, -2.145414 ], [ 30.270581, -2.145345 ], [ 30.273958, -2.149629 ], [ 30.27292, -2.152687 ], [ 30.269192, -2.155019 ], [ 30.267293, -2.164582 ], [ 30.263147, -2.16605 ], [ 30.259589, -2.173619 ], [ 30.260957, -2.173199 ], [ 30.269781, -2.178959 ], [ 30.268222, -2.182084 ], [ 30.268389, -2.186764 ], [ 30.26628, -2.189045 ], [ 30.269804, -2.192466 ], [ 30.274281, -2.193645 ], [ 30.271766, -2.195265 ], [ 30.273908, -2.196471 ], [ 30.275999, -2.195549 ], [ 30.274889, -2.198614 ], [ 30.277846, -2.200011 ], [ 30.279332, -2.209432 ], [ 30.283883, -2.209197 ], [ 30.284407, -2.20697 ], [ 30.286945, -2.207848 ], [ 30.287583, -2.205622 ], [ 30.293466, -2.203029 ], [ 30.294076, -2.203886 ], [ 30.292385, -2.204892 ], [ 30.294237, -2.20668 ], [ 30.296438, -2.203506 ], [ 30.297015, -2.206963 ], [ 30.298678, -2.204053 ], [ 30.304696, -2.207405 ], [ 30.307599, -2.203637 ], [ 30.309247, -2.204408 ], [ 30.308176, -2.206083 ], [ 30.309978, -2.206677 ], [ 30.310587, -2.204006 ], [ 30.312468, -2.202702 ], [ 30.314152, -2.205472 ], [ 30.317753, -2.204548 ], [ 30.322144, -2.198064 ], [ 30.324046, -2.200295 ], [ 30.32591, -2.199506 ], [ 30.327281, -2.202697 ], [ 30.322122, -2.206418 ], [ 30.321893, -2.20858 ], [ 30.333934, -2.217294 ], [ 30.335636, -2.226355 ], [ 30.333662, -2.228867 ], [ 30.333587, -2.231972 ], [ 30.336238, -2.237092 ], [ 30.335825, -2.238728 ], [ 30.338416, -2.237904 ], [ 30.340098, -2.246759 ], [ 30.337924, -2.246331 ], [ 30.334476, -2.249093 ], [ 30.335908, -2.252503 ], [ 30.334628, -2.252736 ], [ 30.334935, -2.255198 ], [ 30.337585, -2.259298 ], [ 30.337288, -2.267005 ], [ 30.334915, -2.270016 ], [ 30.333138, -2.268485 ], [ 30.334647, -2.271943 ], [ 30.332481, -2.27162 ], [ 30.330611, -2.274631 ], [ 30.329133, -2.273988 ], [ 30.330493, -2.277565 ], [ 30.328113, -2.282706 ], [ 30.329754, -2.285467 ], [ 30.328148, -2.288283 ], [ 30.330518, -2.290624 ], [ 30.332206, -2.289996 ], [ 30.337837, -2.296893 ], [ 30.343331, -2.300243 ], [ 30.344346, -2.307387 ], [ 30.349317, -2.308113 ], [ 30.353616, -2.311437 ], [ 30.353232, -2.313643 ], [ 30.359356, -2.325 ], [ 30.357415, -2.328045 ], [ 30.359671, -2.333423 ], [ 30.357496, -2.334981 ], [ 30.359462, -2.337146 ], [ 30.358244, -2.339736 ], [ 30.359003, -2.341673 ], [ 30.362817, -2.342646 ], [ 30.362922, -2.346376 ], [ 30.364382, -2.345867 ], [ 30.364421, -2.348292 ], [ 30.366513, -2.349927 ], [ 30.367969, -2.348226 ], [ 30.372939, -2.348834 ], [ 30.374172, -2.347668 ], [ 30.373975, -2.344771 ], [ 30.377039, -2.341113 ], [ 30.380905, -2.326479 ], [ 30.384802, -2.323713 ], [ 30.388668, -2.317408 ], [ 30.393219, -2.313452 ], [ 30.403986, -2.312887 ], [ 30.408894, -2.310834 ], [ 30.413563, -2.314731 ], [ 30.4163, -2.320352 ], [ 30.420791, -2.323713 ], [ 30.421267, -2.326806 ], [ 30.425847, -2.325676 ], [ 30.429297, -2.329097 ], [ 30.437239, -2.330346 ], [ 30.439827, -2.328621 ], [ 30.443188, -2.32297 ], [ 30.449731, -2.31949 ], [ 30.457107, -2.318746 ], [ 30.459598, -2.320417 ], [ 30.466424, -2.312808 ], [ 30.484825, -2.308555 ], [ 30.486004, -2.303416 ], [ 30.485132, -2.294938 ], [ 30.49101, -2.287228 ], [ 30.496603, -2.288484 ], [ 30.50036, -2.294915 ], [ 30.507492, -2.298176 ], [ 30.507643, -2.299335 ], [ 30.512519, -2.299844 ], [ 30.519465, -2.295548 ], [ 30.532585, -2.292415 ], [ 30.546477, -2.286038 ], [ 30.554647, -2.277973 ], [ 30.557018, -2.271215 ], [ 30.560766, -2.266482 ], [ 30.574375, -2.264148 ], [ 30.576957, -2.262432 ], [ 30.581513, -2.254603 ], [ 30.587866, -2.250713 ], [ 30.58595, -2.245879 ], [ 30.585327, -2.236847 ], [ 30.581723, -2.232483 ], [ 30.570999, -2.234503 ], [ 30.574523, -2.227312 ], [ 30.581458, -2.219828 ], [ 30.583462, -2.209508 ], [ 30.587752, -2.209825 ], [ 30.591235, -2.207549 ], [ 30.601343, -2.207467 ], [ 30.601483, -2.204012 ], [ 30.603491, -2.202086 ], [ 30.608068, -2.200017 ], [ 30.615953, -2.199168 ], [ 30.618892, -2.1869 ], [ 30.622816, -2.187299 ], [ 30.623501, -2.185114 ], [ 30.628024, -2.182342 ], [ 30.636939, -2.191735 ], [ 30.640071, -2.188234 ], [ 30.644698, -2.186685 ], [ 30.66033, -2.167008 ], [ 30.66098, -2.165746 ], [ 30.65753, -2.162071 ], [ 30.656988, -2.159492 ], [ 30.652759, -2.155301 ], [ 30.641857, -2.150658 ], [ 30.639972, -2.148334 ], [ 30.644291, -2.145299 ], [ 30.654059, -2.144266 ], [ 30.656665, -2.14089 ], [ 30.658228, -2.131358 ], [ 30.655738, -2.118965 ], [ 30.646439, -2.119413 ], [ 30.639649, -2.123445 ], [ 30.633285, -2.12312 ], [ 30.628435, -2.124998 ], [ 30.619768, -2.113856 ], [ 30.609166, -2.114179 ], [ 30.608874, -2.108885 ], [ 30.611715, -2.100454 ], [ 30.609213, -2.098393 ], [ 30.607692, -2.097987 ], [ 30.606582, -2.101536 ], [ 30.602688, -2.100152 ], [ 30.600757, -2.096254 ], [ 30.597225, -2.096752 ], [ 30.589191, -2.094392 ], [ 30.587005, -2.091813 ], [ 30.576124, -2.092156 ], [ 30.574389, -2.087815 ], [ 30.575041, -2.081876 ], [ 30.581109, -2.066208 ], [ 30.57908, -2.061187 ], [ 30.575725, -2.060749 ], [ 30.568881, -2.062368 ], [ 30.567249, -2.064112 ], [ 30.561831, -2.064137 ], [ 30.560096, -2.062626 ], [ 30.561016, -2.060081 ], [ 30.558459, -2.055504 ], [ 30.554578, -2.053564 ], [ 30.550049, -2.053424 ], [ 30.545031, -2.054981 ], [ 30.540724, -2.054534 ], [ 30.534915, -2.060464 ], [ 30.529025, -2.063716 ], [ 30.524042, -2.062908 ], [ 30.516179, -2.058653 ], [ 30.506961, -2.04687 ], [ 30.502546, -2.045524 ], [ 30.48743, -2.05287 ], [ 30.482954, -2.053617 ], [ 30.477821, -2.058659 ], [ 30.466186, -2.055484 ], [ 30.461792, -2.055815 ], [ 30.45412, -2.059958 ], [ 30.449269, -2.066767 ], [ 30.446564, -2.075491 ], [ 30.446941, -2.0785 ], [ 30.435405, -2.082695 ], [ 30.409054, -2.085742 ], [ 30.394975, -2.07947 ], [ 30.368277, -2.078398 ], [ 30.297349, -2.118802 ], [ 30.283501, -2.12331 ], [ 30.280769, -2.131011 ], [ 30.270342, -2.132617 ] ] ] } },
{ "type": "Feature", "properties": { "admin_name": "Bugesera", "tiles": 89.0, "tests": 573.0, "devices": 122.0, "pop_weight": 97767.548397064209, "area_km2": 33.23051879768483, "d_mean_tile": 30.96596629213483, "d_median_tile": 18.623, "d_mean_pop": 29.666930534906371, "d_median_pop": 17.673359004277216, "d_p10_pop": 2.6774271812469301, "d_p90_pop": 73.63985384439053, "u_median_pop": 5.1291725676929971, "lat_median_pop": 22.0, "pct_above_bb": 68.689263867918442, "pct_above_hi": 38.561442768108556, "divide_ratio": 27.503961400023965, "pop_total": 594458.94179632352, "pop_covered": 97767.548397064209, "pop_coverage_pct": 16.446476202651152, "level": "ADM2" }, "geometry": { "type": "Polygon", "coordinates": [ [ [ 30.019346, -2.074183 ], [ 30.017247, -2.083475 ], [ 30.017995, -2.08741 ], [ 30.014863, -2.093468 ], [ 30.017576, -2.098219 ], [ 30.015494, -2.100461 ], [ 30.015635, -2.103942 ], [ 30.017198, -2.107714 ], [ 30.019806, -2.108435 ], [ 30.02081, -2.111764 ], [ 30.018134, -2.118184 ], [ 30.014251, -2.118971 ], [ 30.01128, -2.1218 ], [ 30.009193, -2.127288 ], [ 30.009706, -2.131503 ], [ 30.003341, -2.139066 ], [ 30.000481, -2.141256 ], [ 29.998874, -2.140522 ], [ 29.993766, -2.14556 ], [ 29.988692, -2.144096 ], [ 29.986121, -2.146503 ], [ 29.985394, -2.153736 ], [ 29.983318, -2.155474 ], [ 29.983863, -2.166215 ], [ 29.981658, -2.171254 ], [ 29.98644, -2.190031 ], [ 29.985059, -2.193047 ], [ 29.985922, -2.195756 ], [ 29.984275, -2.197417 ], [ 29.984909, -2.200629 ], [ 29.988672, -2.202026 ], [ 29.98826, -2.208402 ], [ 29.990133, -2.210474 ], [ 29.990677, -2.215601 ], [ 29.989761, -2.220888 ], [ 29.987908, -2.222522 ], [ 29.986357, -2.227917 ], [ 29.983846, -2.230092 ], [ 29.983545, -2.232735 ], [ 29.984717, -2.235235 ], [ 29.984533, -2.243255 ], [ 29.979349, -2.248255 ], [ 29.977968, -2.25208 ], [ 29.979244, -2.255919 ], [ 29.976174, -2.258247 ], [ 29.973267, -2.263967 ], [ 29.974491, -2.269823 ], [ 29.973461, -2.274371 ], [ 29.971105, -2.276918 ], [ 29.966902, -2.287244 ], [ 29.962862, -2.288341 ], [ 29.961534, -2.290226 ], [ 29.961244, -2.303971 ], [ 29.964159, -2.308114 ], [ 29.966185, -2.317639 ], [ 29.965906, -2.31984 ], [ 29.963764, -2.320438 ], [ 29.959629, -2.327247 ], [ 29.983289, -2.336605 ], [ 29.997602, -2.344029 ], [ 30.003348, -2.345492 ], [ 30.018588, -2.344243 ], [ 30.032401, -2.35031 ], [ 30.041931, -2.357377 ], [ 30.047249, -2.363302 ], [ 30.057393, -2.379349 ], [ 30.063025, -2.394033 ], [ 30.075017, -2.40242 ], [ 30.08908, -2.41684 ], [ 30.097682, -2.423657 ], [ 30.104213, -2.424585 ], [ 30.123416, -2.436256 ], [ 30.131482, -2.438077 ], [ 30.138656, -2.43772 ], [ 30.147793, -2.43283 ], [ 30.158322, -2.430938 ], [ 30.16439, -2.427048 ], [ 30.171136, -2.427119 ], [ 30.179809, -2.43051 ], [ 30.184163, -2.429082 ], [ 30.19687, -2.409702 ], [ 30.199368, -2.397959 ], [ 30.198154, -2.393248 ], [ 30.199047, -2.388465 ], [ 30.205507, -2.387073 ], [ 30.214216, -2.382504 ], [ 30.215465, -2.371226 ], [ 30.225744, -2.369655 ], [ 30.235845, -2.362553 ], [ 30.242448, -2.360018 ], [ 30.248266, -2.36498 ], [ 30.25005, -2.371012 ], [ 30.254797, -2.373903 ], [ 30.27764, -2.376008 ], [ 30.285638, -2.375526 ], [ 30.374362, -2.356014 ], [ 30.374172, -2.347668 ], [ 30.372939, -2.348834 ], [ 30.367969, -2.348226 ], [ 30.366513, -2.349927 ], [ 30.364421, -2.348292 ], [ 30.364382, -2.345867 ], [ 30.362922, -2.346376 ], [ 30.362817, -2.342646 ], [ 30.359003, -2.341673 ], [ 30.358244, -2.339736 ], [ 30.359462, -2.337146 ], [ 30.357496, -2.334981 ], [ 30.359671, -2.333423 ], [ 30.357415, -2.328045 ], [ 30.359356, -2.325 ], [ 30.353232, -2.313643 ], [ 30.353616, -2.311437 ], [ 30.349317, -2.308113 ], [ 30.344346, -2.307387 ], [ 30.343331, -2.300243 ], [ 30.337837, -2.296893 ], [ 30.332206, -2.289996 ], [ 30.330518, -2.290624 ], [ 30.328148, -2.288283 ], [ 30.329754, -2.285467 ], [ 30.328113, -2.282706 ], [ 30.330493, -2.277565 ], [ 30.329133, -2.273988 ], [ 30.330611, -2.274631 ], [ 30.332481, -2.27162 ], [ 30.334647, -2.271943 ], [ 30.333138, -2.268485 ], [ 30.334915, -2.270016 ], [ 30.337288, -2.267005 ], [ 30.337585, -2.259298 ], [ 30.334935, -2.255198 ], [ 30.334628, -2.252736 ], [ 30.335908, -2.252503 ], [ 30.334476, -2.249093 ], [ 30.337924, -2.246331 ], [ 30.340098, -2.246759 ], [ 30.338416, -2.237904 ], [ 30.335825, -2.238728 ], [ 30.336238, -2.237092 ], [ 30.333587, -2.231972 ], [ 30.333662, -2.228867 ], [ 30.335636, -2.226355 ], [ 30.333934, -2.217294 ], [ 30.321893, -2.20858 ], [ 30.322122, -2.206418 ], [ 30.327281, -2.202697 ], [ 30.32591, -2.199506 ], [ 30.324046, -2.200295 ], [ 30.322144, -2.198064 ], [ 30.317753, -2.204548 ], [ 30.314152, -2.205472 ], [ 30.312468, -2.202702 ], [ 30.310587, -2.204006 ], [ 30.309978, -2.206677 ], [ 30.308176, -2.206083 ], [ 30.309247, -2.204408 ], [ 30.307599, -2.203637 ], [ 30.304696, -2.207405 ], [ 30.298678, -2.204053 ], [ 30.297015, -2.206963 ], [ 30.296438, -2.203506 ], [ 30.294237, -2.20668 ], [ 30.292385, -2.204892 ], [ 30.294076, -2.203886 ], [ 30.293466, -2.203029 ], [ 30.287583, -2.205622 ], [ 30.286945, -2.207848 ], [ 30.284407, -2.20697 ], [ 30.283883, -2.209197 ], [ 30.279332, -2.209432 ], [ 30.277846, -2.200011 ], [ 30.274889, -2.198614 ], [ 30.275999, -2.195549 ], [ 30.273908, -2.196471 ], [ 30.271766, -2.195265 ], [ 30.274281, -2.193645 ], [ 30.269804, -2.192466 ], [ 30.26628, -2.189045 ], [ 30.268389, -2.186764 ], [ 30.268222, -2.182084 ], [ 30.269781, -2.178959 ], [ 30.260957, -2.173199 ], [ 30.259589, -2.173619 ], [ 30.263147, -2.16605 ], [ 30.267293, -2.164582 ], [ 30.269192, -2.155019 ], [ 30.27292, -2.152687 ], [ 30.273958, -2.149629 ], [ 30.270581, -2.145345 ], [ 30.266327, -2.145414 ], [ 30.269635, -2.137843 ], [ 30.266437, -2.138032 ], [ 30.270342, -2.132617 ], [ 30.266287, -2.133271 ], [ 30.267929, -2.131901 ], [ 30.267931, -2.127821 ], [ 30.265221, -2.126895 ], [ 30.265787, -2.125284 ], [ 30.270081, -2.124852 ], [ 30.267463, -2.122561 ], [ 30.270681, -2.12291 ], [ 30.269027, -2.112599 ], [ 30.263311, -2.109685 ], [ 30.260727, -2.106286 ], [ 30.252848, -2.107867 ], [ 30.253313, -2.106781 ], [ 30.24984, -2.102009 ], [ 30.252349, -2.10241 ], [ 30.253013, -2.100215 ], [ 30.247857, -2.098208 ], [ 30.248226, -2.09652 ], [ 30.246213, -2.094916 ], [ 30.24966, -2.090891 ], [ 30.244591, -2.090388 ], [ 30.246223, -2.086996 ], [ 30.24444, -2.085173 ], [ 30.245257, -2.082802 ], [ 30.241999, -2.077353 ], [ 30.244863, -2.07365 ], [ 30.241631, -2.075111 ], [ 30.238254, -2.068685 ], [ 30.236984, -2.071251 ], [ 30.233213, -2.068765 ], [ 30.231664, -2.070654 ], [ 30.228853, -2.06801 ], [ 30.222049, -2.066197 ], [ 30.221796, -2.072431 ], [ 30.218777, -2.071933 ], [ 30.216167, -2.074613 ], [ 30.213537, -2.074334 ], [ 30.212681, -2.076277 ], [ 30.210867, -2.075629 ], [ 30.208068, -2.079744 ], [ 30.206863, -2.074752 ], [ 30.204661, -2.073547 ], [ 30.206803, -2.068038 ], [ 30.203924, -2.067938 ], [ 30.20483, -2.065308 ], [ 30.200945, -2.066474 ], [ 30.201543, -2.062668 ], [ 30.198823, -2.061981 ], [ 30.199132, -2.05704 ], [ 30.195097, -2.061752 ], [ 30.192666, -2.060457 ], [ 30.190754, -2.055745 ], [ 30.193782, -2.053583 ], [ 30.191242, -2.051321 ], [ 30.189698, -2.042555 ], [ 30.187825, -2.042027 ], [ 30.185454, -2.038191 ], [ 30.182903, -2.038341 ], [ 30.183162, -2.036328 ], [ 30.180991, -2.033618 ], [ 30.179018, -2.033021 ], [ 30.178251, -2.03596 ], [ 30.175372, -2.035192 ], [ 30.174834, -2.03062 ], [ 30.172603, -2.028219 ], [ 30.171945, -2.031307 ], [ 30.166665, -2.030052 ], [ 30.165589, -2.033877 ], [ 30.163866, -2.03315 ], [ 30.162431, -2.029474 ], [ 30.161604, -2.032024 ], [ 30.157958, -2.030799 ], [ 30.15754, -2.035621 ], [ 30.155667, -2.036119 ], [ 30.152738, -2.034366 ], [ 30.151512, -2.037314 ], [ 30.147219, -2.040941 ], [ 30.146123, -2.039406 ], [ 30.142686, -2.04106 ], [ 30.14174, -2.038301 ], [ 30.139657, -2.040751 ], [ 30.137247, -2.039546 ], [ 30.138203, -2.043332 ], [ 30.134686, -2.042953 ], [ 30.137117, -2.046091 ], [ 30.134726, -2.047645 ], [ 30.132903, -2.04386 ], [ 30.128988, -2.048014 ], [ 30.130144, -2.049717 ], [ 30.127922, -2.052816 ], [ 30.123608, -2.049568 ], [ 30.122901, -2.052995 ], [ 30.1257, -2.055366 ], [ 30.119823, -2.056332 ], [ 30.119344, -2.05964 ], [ 30.118149, -2.059062 ], [ 30.118169, -2.054689 ], [ 30.113716, -2.060267 ], [ 30.113377, -2.058086 ], [ 30.111026, -2.059162 ], [ 30.110119, -2.056273 ], [ 30.108715, -2.058853 ], [ 30.105529, -2.057431 ], [ 30.1042, -2.060035 ], [ 30.103669, -2.056568 ], [ 30.101676, -2.055891 ], [ 30.101756, -2.057817 ], [ 30.099286, -2.057644 ], [ 30.096244, -2.064458 ], [ 30.094982, -2.061058 ], [ 30.094092, -2.063249 ], [ 30.091342, -2.064007 ], [ 30.09206, -2.060115 ], [ 30.090838, -2.059357 ], [ 30.086795, -2.062477 ], [ 30.081635, -2.064792 ], [ 30.079099, -2.062395 ], [ 30.077601, -2.06392 ], [ 30.078325, -2.067088 ], [ 30.076877, -2.069253 ], [ 30.075797, -2.064723 ], [ 30.07264, -2.06429 ], [ 30.071418, -2.068509 ], [ 30.068609, -2.068276 ], [ 30.066563, -2.071197 ], [ 30.064601, -2.071088 ], [ 30.062289, -2.066697 ], [ 30.055664, -2.065959 ], [ 30.054482, -2.064538 ], [ 30.05786, -2.060523 ], [ 30.05799, -2.055771 ], [ 30.054349, -2.054335 ], [ 30.052391, -2.055362 ], [ 30.046707, -2.05467 ], [ 30.044133, -2.056589 ], [ 30.045229, -2.059553 ], [ 30.042057, -2.058038 ], [ 30.038491, -2.059232 ], [ 30.039854, -2.061876 ], [ 30.03659, -2.065626 ], [ 30.04029, -2.065665 ], [ 30.039353, -2.068908 ], [ 30.027199, -2.063927 ], [ 30.026548, -2.066251 ], [ 30.027816, -2.069452 ], [ 30.024509, -2.068172 ], [ 30.019346, -2.074183 ] ] ] } },
{ "type": "Feature", "properties": { "admin_name": "Nyamasheke", "tiles": 6.0, "tests": 13.0, "devices": 6.0, "pop_weight": 5083.9474792480469, "area_km2": 2.2398427729107211, "d_mean_tile": 10.364, "d_median_tile": 7.805, "d_mean_pop": 8.3410847134521369, "d_median_pop": 7.5647839573045221, "d_p10_pop": 3.457, "d_p90_pop": 18.444531314706623, "u_median_pop": 1.7381891545398798, "lat_median_pop": 32.377305847079299, "pct_above_bb": 18.765492865689076, "pct_above_hi": 9.2576503823671743, "divide_ratio": 5.3354154801002673, "pop_total": 459718.59576428187, "pop_covered": 5083.9474792480469, "pop_coverage_pct": 1.1058824955288109, "level": "ADM2" }, "geometry": { "type": "Polygon", "coordinates": [ [ [ 29.324582, -2.324429 ], [ 29.321399, -2.323076 ], [ 29.320008, -2.320928 ], [ 29.321717, -2.318137 ], [ 29.322918, -2.317019 ], [ 29.325146, -2.316006 ], [ 29.322843, -2.315243 ], [ 29.321546, -2.312445 ], [ 29.320823, -2.306105 ], [ 29.31484, -2.304154 ], [ 29.30885, -2.299503 ], [ 29.311021, -2.292851 ], [ 29.306305, -2.290813 ], [ 29.305007, -2.288544 ], [ 29.305596, -2.284295 ], [ 29.309129, -2.284923 ], [ 29.310322, -2.28207 ], [ 29.313653, -2.280726 ], [ 29.314902, -2.277525 ], [ 29.317919, -2.275627 ], [ 29.315802, -2.274375 ], [ 29.311781, -2.263485 ], [ 29.313312, -2.253401 ], [ 29.311839, -2.248356 ], [ 29.314663, -2.244519 ], [ 29.311034, -2.242903 ], [ 29.312382, -2.240307 ], [ 29.311365, -2.237343 ], [ 29.305706, -2.234508 ], [ 29.30408, -2.232249 ], [ 29.306732, -2.228839 ], [ 29.30647, -2.226158 ], [ 29.308881, -2.224961 ], [ 29.311062, -2.216723 ], [ 29.315275, -2.216988 ], [ 29.315589, -2.214008 ], [ 29.313429, -2.214688 ], [ 29.311867, -2.212369 ], [ 29.309724, -2.212077 ], [ 29.304919, -2.214676 ], [ 29.302345, -2.209285 ], [ 29.296447, -2.208779 ], [ 29.293647, -2.201256 ], [ 29.291074, -2.203817 ], [ 29.289098, -2.202349 ], [ 29.290224, -2.198964 ], [ 29.282228, -2.188803 ], [ 29.280993, -2.187661 ], [ 29.282307, -2.184814 ], [ 29.280774, -2.18109 ], [ 29.267193, -2.160502 ], [ 29.263469, -2.15656 ], [ 29.246822, -2.146485 ], [ 29.167789, -2.147084 ], [ 29.117755, -2.252161 ], [ 29.108475, -2.266366 ], [ 29.098386, -2.274504 ], [ 29.082504, -2.279236 ], [ 29.014966, -2.289543 ], [ 29.001184, -2.294092 ], [ 28.998938, -2.296376 ], [ 28.993132, -2.317639 ], [ 28.983386, -2.339626 ], [ 28.978493, -2.344232 ], [ 28.96534, -2.349334 ], [ 28.961609, -2.352398 ], [ 28.961394, -2.356547 ], [ 28.965486, -2.36259 ], [ 28.966177, -2.365952 ], [ 28.962109, -2.373071 ], [ 28.971806, -2.388506 ], [ 28.972867, -2.395026 ], [ 28.971114, -2.400808 ], [ 28.971025, -2.400754 ], [ 28.970946, -2.401131 ], [ 28.969919, -2.404409 ], [ 28.969687, -2.404836 ], [ 28.96937, -2.404978 ], [ 28.967739, -2.41137 ], [ 28.969765, -2.423451 ], [ 28.966079, -2.4309 ], [ 28.964888, -2.438429 ], [ 28.968098, -2.442759 ], [ 28.976519, -2.443159 ], [ 28.978585, -2.447656 ], [ 28.975432, -2.459179 ], [ 28.981786, -2.471835 ], [ 28.980346, -2.475114 ], [ 28.976329, -2.477589 ], [ 28.976411, -2.488304 ], [ 28.977512, -2.490504 ], [ 28.98172, -2.491898 ], [ 28.984955, -2.497113 ], [ 28.987954, -2.497993 ], [ 28.989709, -2.502076 ], [ 28.997648, -2.506951 ], [ 29.000898, -2.511831 ], [ 29.001524, -2.516478 ], [ 29.007259, -2.521856 ], [ 29.008553, -2.52674 ], [ 29.016929, -2.531312 ], [ 29.017499, -2.535284 ], [ 29.02659, -2.536678 ], [ 29.030932, -2.540741 ], [ 29.034697, -2.541418 ], [ 29.035953, -2.54616 ], [ 29.033848, -2.559329 ], [ 29.034871, -2.564658 ], [ 29.037391, -2.56701 ], [ 29.037549, -2.56898 ], [ 29.039062, -2.56826 ], [ 29.038809, -2.566704 ], [ 29.040261, -2.567098 ], [ 29.040088, -2.565056 ], [ 29.043063, -2.564659 ], [ 29.044983, -2.562339 ], [ 29.045622, -2.559163 ], [ 29.043751, -2.554606 ], [ 29.046109, -2.550094 ], [ 29.043719, -2.545174 ], [ 29.048372, -2.54127 ], [ 29.051047, -2.5413 ], [ 29.053821, -2.53755 ], [ 29.058617, -2.538545 ], [ 29.063444, -2.534881 ], [ 29.065509, -2.5355 ], [ 29.071301, -2.531991 ], [ 29.073682, -2.532668 ], [ 29.074411, -2.527764 ], [ 29.077411, -2.522787 ], [ 29.08027, -2.521081 ], [ 29.079058, -2.519771 ], [ 29.08072, -2.518452 ], [ 29.091682, -2.517932 ], [ 29.093402, -2.519638 ], [ 29.100759, -2.520387 ], [ 29.105375, -2.514884 ], [ 29.112396, -2.514943 ], [ 29.115329, -2.513376 ], [ 29.117634, -2.505465 ], [ 29.122664, -2.505306 ], [ 29.122223, -2.501423 ], [ 29.12408, -2.499558 ], [ 29.123908, -2.495783 ], [ 29.121032, -2.492914 ], [ 29.121021, -2.488626 ], [ 29.118389, -2.482672 ], [ 29.119258, -2.47811 ], [ 29.120423, -2.481695 ], [ 29.127515, -2.487708 ], [ 29.132553, -2.485915 ], [ 29.13799, -2.491742 ], [ 29.141745, -2.492923 ], [ 29.144236, -2.491854 ], [ 29.151775, -2.495219 ], [ 29.151533, -2.492049 ], [ 29.153085, -2.489883 ], [ 29.158457, -2.491538 ], [ 29.160354, -2.488517 ], [ 29.164285, -2.486491 ], [ 29.166553, -2.482336 ], [ 29.171898, -2.483256 ], [ 29.172892, -2.480542 ], [ 29.173422, -2.481434 ], [ 29.174705, -2.480403 ], [ 29.177586, -2.483935 ], [ 29.178618, -2.482429 ], [ 29.182029, -2.48386 ], [ 29.186518, -2.488759 ], [ 29.191974, -2.490608 ], [ 29.19849, -2.487885 ], [ 29.200619, -2.478767 ], [ 29.203472, -2.475635 ], [ 29.20547, -2.475867 ], [ 29.21127, -2.481211 ], [ 29.214988, -2.482122 ], [ 29.219143, -2.478172 ], [ 29.224264, -2.475811 ], [ 29.229451, -2.474027 ], [ 29.236626, -2.474547 ], [ 29.237286, -2.473106 ], [ 29.239285, -2.473738 ], [ 29.240633, -2.472623 ], [ 29.242175, -2.474594 ], [ 29.245457, -2.475504 ], [ 29.245122, -2.478163 ], [ 29.247948, -2.475458 ], [ 29.249128, -2.477019 ], [ 29.252047, -2.475309 ], [ 29.25253, -2.478135 ], [ 29.254788, -2.477289 ], [ 29.254528, -2.479027 ], [ 29.261918, -2.486853 ], [ 29.264993, -2.488262 ], [ 29.267034, -2.487476 ], [ 29.272631, -2.492009 ], [ 29.276718, -2.489987 ], [ 29.277153, -2.487485 ], [ 29.26975, -2.482995 ], [ 29.264653, -2.482024 ], [ 29.269386, -2.475471 ], [ 29.265624, -2.472316 ], [ 29.266231, -2.470738 ], [ 29.268658, -2.466491 ], [ 29.27242, -2.463821 ], [ 29.273267, -2.456554 ], [ 29.277385, -2.448899 ], [ 29.279479, -2.448027 ], [ 29.280308, -2.441856 ], [ 29.299118, -2.4404 ], [ 29.30313, -2.434087 ], [ 29.307175, -2.434087 ], [ 29.309926, -2.435705 ], [ 29.31753, -2.431337 ], [ 29.323517, -2.432469 ], [ 29.325944, -2.427939 ], [ 29.325909, -2.422988 ], [ 29.32867, -2.421651 ], [ 29.327456, -2.420074 ], [ 29.329398, -2.41619 ], [ 29.327214, -2.413399 ], [ 29.328547, -2.410974 ], [ 29.327196, -2.406885 ], [ 29.325836, -2.405703 ], [ 29.322855, -2.406043 ], [ 29.321527, -2.401896 ], [ 29.318288, -2.398645 ], [ 29.322709, -2.388267 ], [ 29.327472, -2.388717 ], [ 29.330776, -2.383704 ], [ 29.330649, -2.379884 ], [ 29.335954, -2.378394 ], [ 29.337433, -2.370579 ], [ 29.343071, -2.36576 ], [ 29.342503, -2.362124 ], [ 29.343969, -2.359989 ], [ 29.343032, -2.356867 ], [ 29.337882, -2.352856 ], [ 29.337537, -2.348249 ], [ 29.333735, -2.34702 ], [ 29.327285, -2.339648 ], [ 29.326747, -2.336768 ], [ 29.328256, -2.334377 ], [ 29.325807, -2.330911 ], [ 29.324582, -2.324429 ] ] ] } }
]
}
